SEX,AGES,ADMISSION MODE,CGPA - 1,CGPA-2,CLUB / DEPARTMENT,BOARD STUDIED,DAYS SINCE LAST SHOWER,TREATS GIVEN,HAS A S/O ?,ATTENDS LECTURES,CHARACTER,PIZZERIA EXPENDITURE (annual),GRAMS / MONTH,GPL
male,19,BITSAT,8.85,7.0,No club,CBSE,12,4,YES,NO,LITE,20495,5.0,NO
female,21,DASA,7.01,9.0,No club,ICSE,1,1,YES,NO,GHOT,2361,0.2,YES
female,20,BITSAT,3.0,8.0,No club,CBSE,5,4,YES,NO,GHOT,8548,0.3,YES
male,21,BITSAT,5.65,9.0,No club,CBSE,7,3,YES,NO,LITE,13767,8.5,NO
male,17,BITSAT,3.51,10.0,No club,Other,0,2,NO,NO,LITE,13494,0.6,NO
male,23,DASA,5.52,9.0,No club,CBSE,2,0,NO,NO,LITE,17676,4.5,NO
male,17,BITSAT,4.06,5.0,Mountaineering,CBSE,3,0,YES,YES,LITE,16452,10.8,NO
female,20,BITSAT,6.91,4.0,No club,CBSE,1,0,NO,YES,LITE,1848,0.4,YES
female,19,BOARD TOPPER,5.37,9.0,No club,ICSE,6,3,NO,NO,GHOT,4106,0.45,YES
female,17,BITSAT,4.08,6.0,No club,CBSE,7,3,YES,YES,GHOT,6931,0.4,YES
male,19,BITSAT,3.78,7.0,No club,CBSE,2,4,NO,NO,LITE,21981,6.9,NO
male,21,BITSAT,10.0,7.0,No club,CBSE,1,0,NO,YES,LITE,18402,10.9,NO
female,19,BITSAT,3.0,10.0,No club,CBSE,4,0,NO,NO,LITE,15660,2.8,NO
female,23,BOARD TOPPER,7.53,6.0,No club,CBSE,5,0,NO,NO,GHOT,3890,0.15,YES
male,17,BITSAT,3.65,8.0,Gaming Club,Other,5,3,NO,YES,LITE,15923,5.5,NO
male,17,BOARD TOPPER,8.43,9.0,No club,CBSE,3,2,YES,NO,GHOT,2681,0.4,YES
female,20,BITSAT,7.15,9.0,No club,CBSE,3,4,YES,NO,LITE,14604,2.5,NO
female,17,BITSAT,3.73,9.0,No club,ICSE,5,1,YES,NO,GHOT,5031,0.15,YES
male,21,BOARD TOPPER,7.87,9.0,SUTT,CBSE,0,3,YES,NO,LITE,16159,6.9,NO
male,21,BOARD TOPPER,4.57,8.0,No club,CBSE,2,3,NO,NO,GHOT,7321,0.45,YES
female,19,BITSAT,9.49,10.0,No club,Other,11,4,YES,NO,LITE,5492,0.25,YES
male,20,DASA,4.99,8.0,No club,CBSE,6,4,YES,NO,GHOT,7002,0.3,YES
female,18,BITSAT,6.65,8.0,Mountaineering,CBSE,6,3,NO,YES,LITE,14093,1.0,NO
female,21,BITSAT,4.85,9.0,No club,CBSE,3,2,NO,YES,GHOT,4057,0.5,YES
male,17,BITSAT,6.34,10.0,No club,ICSE,6,4,YES,NO,LITE,14828,4.9,NO
male,19,DASA,5.35,9.0,Mountaineering,CBSE,0,0,NO,YES,LITE,18042,8.8,NO
female,17,BITSAT,8.61,3.0,No club,Other,8,0,YES,NO,GHOT,4734,0.2,YES
male,17,BITSAT,8.14,3.0,No club,CBSE,2,3,NO,NO,LITE,17735,4.5,NO
female,17,DASA,8.08,4.0,No club,ICSE,1,0,YES,NO,GHOT,4339,0.2,YES
female,17,BITSAT,4.72,9.0,No club,Other,11,4,YES,NO,LITE,7393,0.5,YES
male,24,BOARD TOPPER,5.79,6.0,No club,CBSE,14,4,NO,NO,LITE,15827,6.8,NO
male,20,DASA,9.65,4.0,No club,ICSE,10,1,YES,NO,GHOT,13372,2.5,NO
male,22,DASA,6.12,6.0,No club,CBSE,4,1,YES,NO,LITE,20196,1.8,NO
male,17,BITSAT,3.05,5.0,No club,ICSE,0,1,NO,NO,GHOT,1036,0.35,YES
male,19,BITSAT,7.97,4.0,No club,CBSE,1,3,YES,NO,LITE,15668,9.4,NO
female,19,BITSAT,6.13,6.0,DVM,CBSE,10,2,NO,NO,LITE,14205,1.4,NO
female,19,BITSAT,6.01,6.0,No club,ICSE,0,1,NO,NO,LITE,5980,0.35,YES
female,22,BITSAT,9.1,7.0,No club,CBSE,14,4,YES,NO,LITE,19831,4.0,NO
female,20,BOARD TOPPER,6.29,6.0,No club,CBSE,3,1,NO,NO,LITE,16568,7.5,NO
male,17,BITSAT,8.42,9.0,No club,ICSE,6,3,NO,NO,LITE,11740,5.4,NO
female,17,BOARD TOPPER,6.77,8.0,No club,ICSE,2,3,NO,YES,GHOT,7971,0.4,YES
female,19,BITSAT,5.35,3.0,No club,Other,3,3,NO,NO,GHOT,4243,0.45,YES
male,17,BITSAT,5.73,6.0,No club,CBSE,0,3,YES,NO,GHOT,11625,7.7,NO
male,17,BITSAT,5.68,3.0,No club,Other,0,4,NO,NO,LITE,21835,9.8,NO
female,17,BITSAT,4.27,6.0,No club,Other,13,0,YES,NO,GHOT,2061,0.4,YES
female,19,BITSAT,6.59,3.0,No club,CBSE,9,1,NO,NO,LITE,19923,9.5,NO
male,18,BITSAT,7.34,10.0,Gaming Club,CBSE,14,3,YES,YES,LITE,13440,2.7,NO
male,19,BITSAT,7.59,6.0,No club,CBSE,7,4,NO,NO,LITE,12027,1.4,NO
female,23,DASA,5.78,3.0,No club,ICSE,7,1,NO,NO,GHOT,3997,0.25,YES
female,20,BOARD TOPPER,6.19,8.0,No club,CBSE,0,3,YES,NO,GHOT,6276,0.4,YES
male,24,DASA,6.75,6.0,No club,ICSE,15,4,NO,YES,LITE,16190,8.5,NO
male,17,DASA,7.33,7.0,No club,CBSE,4,2,NO,NO,GHOT,4395,0.5,YES
female,19,BOARD TOPPER,3.0,5.0,No club,CBSE,14,4,NO,NO,GHOT,7874,0.2,YES
male,20,BITSAT,3.81,4.0,No club,ICSE,3,3,YES,NO,LITE,18532,10.5,NO
female,18,BOARD TOPPER,7.27,10.0,No club,CBSE,2,4,YES,YES,GHOT,4906,0.5,YES
male,19,BITSAT,6.32,9.0,No club,ICSE,1,1,YES,NO,LITE,12783,7.3,NO
female,21,DASA,6.96,4.0,No club,Other,0,2,YES,NO,GHOT,4481,0.3,YES
male,22,DASA,5.72,6.0,No club,CBSE,1,4,NO,NO,LITE,14057,7.6,NO
male,17,BITSAT,6.64,8.0,Mountaineering,CBSE,11,4,YES,YES,LITE,14007,6.3,NO
male,17,DASA,4.56,5.0,No club,ICSE,3,4,YES,NO,LITE,12261,6.3,NO
male,17,BITSAT,7.9,10.0,No club,ICSE,0,2,NO,YES,GHOT,4018,0.25,YES
female,20,BOARD TOPPER,3.26,6.0,No club,CBSE,1,4,NO,NO,GHOT,6190,0.3,YES
male,19,BITSAT,9.68,6.0,No club,CBSE,14,3,YES,NO,LITE,19108,6.4,NO
female,19,BITSAT,7.99,10.0,Gaming Club,CBSE,0,1,NO,YES,GHOT,3199,0.3,YES
male,20,BITSAT,8.5,3.0,DVM,CBSE,14,4,NO,NO,LITE,17951,10.3,NO
male,21,BOARD TOPPER,5.52,10.0,No club,CBSE,6,0,NO,NO,LITE,14706,8.4,NO
male,19,BOARD TOPPER,3.57,8.0,No club,CBSE,4,2,NO,NO,LITE,19867,8.9,NO
male,20,BITSAT,4.01,10.0,No club,ICSE,5,1,NO,NO,LITE,19145,6.6,NO
male,21,BITSAT,7.71,4.0,No club,CBSE,9,3,NO,NO,GHOT,4595,0.3,YES
male,20,BITSAT,6.51,9.0,No club,CBSE,7,4,NO,NO,LITE,17588,4.5,NO
male,17,BITSAT,7.5,6.0,No club,CBSE,15,2,YES,NO,LITE,12689,6.0,NO
male,17,BITSAT,8.44,8.0,No club,CBSE,8,1,YES,NO,LITE,19357,6.6,NO
male,17,BOARD TOPPER,6.2,6.0,No club,CBSE,0,1,NO,YES,GHOT,1085,0.5,YES
female,20,BITSAT,3.21,8.0,No club,CBSE,3,4,YES,NO,LITE,6284,0.45,YES
male,19,BITSAT,5.24,9.0,No club,CBSE,3,3,NO,NO,LITE,16029,5.8,NO
male,20,BITSAT,6.5,3.0,No club,CBSE,4,0,NO,NO,GHOT,3499,0.25,YES
female,17,BITSAT,5.08,6.0,No club,Other,2,3,NO,NO,LITE,5104,0.2,YES
male,20,DASA,6.79,6.0,No club,CBSE,7,3,NO,NO,LITE,13606,0.9,NO
female,19,BOARD TOPPER,6.18,10.0,No club,CBSE,4,1,NO,NO,GHOT,5668,0.4,YES
female,21,BITSAT,4.23,3.0,Mountaineering,CBSE,4,4,YES,NO,GHOT,7754,0.5,YES
male,19,BITSAT,5.09,5.0,No club,CBSE,0,3,NO,YES,LITE,20982,4.7,NO
male,17,BITSAT,5.4,4.0,No club,CBSE,5,0,NO,NO,LITE,14088,1.4,NO
female,20,DASA,3.87,7.0,Mountaineering,CBSE,5,1,YES,YES,GHOT,3704,0.45,YES
male,20,BITSAT,5.14,9.0,No club,CBSE,6,4,NO,NO,LITE,16535,1.4,NO
male,20,BITSAT,6.55,3.0,No club,CBSE,13,0,YES,NO,LITE,17205,1.6,NO
male,19,BITSAT,6.96,6.0,No club,CBSE,5,2,NO,NO,LITE,19721,10.0,NO
male,22,DASA,6.77,7.0,No club,CBSE,9,1,YES,NO,LITE,14127,6.0,NO
male,20,BITSAT,8.72,10.0,No club,CBSE,6,1,YES,YES,LITE,11513,1.4,NO
male,24,BITSAT,7.41,8.0,No club,CBSE,2,1,NO,NO,LITE,17618,1.4,NO
male,17,BITSAT,3.74,7.0,No club,CBSE,15,0,NO,NO,LITE,15503,2.3,NO
male,25,DASA,6.9,7.0,No club,ICSE,2,1,NO,NO,LITE,17329,2.4,NO
male,20,DASA,5.29,3.0,No club,ICSE,3,2,NO,YES,GHOT,6536,0.5,YES
female,21,BOARD TOPPER,4.81,10.0,No club,CBSE,0,4,YES,YES,GHOT,4362,0.4,YES
male,21,BOARD TOPPER,5.14,8.0,No club,CBSE,7,4,NO,NO,LITE,13071,8.4,NO
female,20,BITSAT,8.32,6.0,No club,CBSE,0,2,NO,NO,LITE,17599,1.8,NO
male,17,BITSAT,6.18,10.0,SUTT,CBSE,2,0,NO,NO,LITE,11033,10.5,NO
male,19,DASA,7.37,3.0,No club,CBSE,4,1,YES,YES,LITE,17950,9.7,NO
male,21,BITSAT,3.0,5.0,No club,CBSE,3,2,NO,NO,LITE,11583,0.6,NO
male,21,BITSAT,6.1,6.0,DVM,CBSE,14,2,YES,NO,LITE,18126,10.9,NO
male,20,BITSAT,8.9,10.0,No club,CBSE,2,2,NO,NO,LITE,14249,3.3,NO
female,19,BITSAT,6.76,3.0,No club,CBSE,2,1,YES,NO,GHOT,5281,0.45,YES
male,17,BITSAT,6.91,8.0,No club,CBSE,5,3,YES,NO,LITE,3401,0.45,YES
male,21,BITSAT,8.59,3.0,No club,CBSE,4,3,NO,NO,GHOT,17678,0.7,NO
female,17,BITSAT,3.0,10.0,No club,Other,3,1,NO,NO,LITE,5738,0.4,YES
male,22,DASA,5.21,9.0,No club,CBSE,5,4,NO,NO,LITE,13413,6.5,NO
female,19,BITSAT,5.23,6.0,No club,ICSE,9,2,YES,NO,LITE,16076,8.9,NO
male,19,BITSAT,6.62,9.0,No club,CBSE,7,2,YES,NO,LITE,12744,10.0,NO
female,19,BITSAT,7.95,7.0,No club,CBSE,2,3,NO,NO,LITE,18089,1.0,NO
female,19,BITSAT,5.66,4.0,No club,ICSE,2,0,NO,NO,LITE,18314,5.7,NO
male,19,BITSAT,8.64,4.0,No club,CBSE,1,0,YES,NO,LITE,10963,10.0,NO
male,25,BITSAT,7.94,3.0,No club,Other,4,2,NO,NO,LITE,11454,10.9,NO
male,20,BOARD TOPPER,6.18,9.0,No club,CBSE,3,1,NO,NO,LITE,13569,9.6,NO
male,20,DASA,9.57,7.0,No club,ICSE,3,4,NO,YES,GHOT,12179,5.9,NO
female,17,BITSAT,4.75,10.0,Gaming Club,CBSE,5,0,YES,YES,LITE,18491,1.7,NO
male,19,BOARD TOPPER,4.69,8.0,DVM,CBSE,12,0,YES,NO,LITE,10468,8.3,NO
male,17,BITSAT,5.44,8.0,No club,CBSE,7,2,YES,NO,LITE,20825,5.4,NO
male,21,BOARD TOPPER,6.71,5.0,No club,ICSE,13,1,NO,NO,LITE,15490,8.8,NO
female,21,BOARD TOPPER,5.16,10.0,No club,CBSE,11,2,NO,NO,GHOT,2337,0.15,YES
male,23,DASA,4.03,7.0,No club,CBSE,7,4,NO,YES,LITE,19227,4.0,NO
male,18,BITSAT,4.28,10.0,No club,ICSE,0,0,YES,NO,GHOT,1879,0.5,YES
male,17,BITSAT,3.0,10.0,No club,Other,0,3,YES,NO,LITE,16572,2.7,NO
male,20,BITSAT,7.33,4.0,No club,CBSE,6,3,NO,NO,GHOT,7128,0.35,YES
female,17,BITSAT,9.47,7.0,No club,ICSE,3,4,NO,YES,LITE,6593,0.25,YES
male,22,BITSAT,5.28,6.0,No club,CBSE,5,4,NO,NO,LITE,18708,6.5,NO
male,21,BITSAT,6.91,3.0,No club,ICSE,1,3,YES,NO,LITE,16683,1.9,NO
male,19,BITSAT,6.83,3.0,No club,CBSE,5,0,NO,NO,GHOT,17434,10.0,NO
female,22,BITSAT,4.51,3.0,No club,CBSE,0,2,NO,NO,GHOT,13444,8.8,NO
female,20,BOARD TOPPER,5.44,6.0,No club,CBSE,5,0,NO,NO,GHOT,3173,0.3,YES
male,20,BOARD TOPPER,7.89,6.0,No club,CBSE,3,4,NO,NO,GHOT,17512,10.4,NO
male,20,BOARD TOPPER,6.45,5.0,No club,ICSE,7,1,YES,NO,LITE,13329,8.0,NO
female,19,DASA,5.03,6.0,No club,CBSE,0,2,NO,YES,GHOT,6023,0.25,YES
male,21,DASA,7.21,7.0,No club,CBSE,3,3,NO,NO,LITE,12496,2.0,NO
male,19,BITSAT,7.02,4.0,No club,CBSE,7,3,NO,NO,LITE,21328,8.5,NO
male,20,DASA,6.24,9.0,No club,ICSE,2,4,NO,NO,LITE,19800,6.3,NO
female,17,BITSAT,3.26,5.0,No club,ICSE,8,2,YES,YES,LITE,14677,10.0,NO
female,19,BITSAT,6.17,3.0,No club,CBSE,8,1,NO,NO,GHOT,4685,0.5,YES
female,20,BITSAT,6.16,8.0,No club,CBSE,14,4,NO,NO,GHOT,8603,0.5,YES
male,19,BITSAT,6.35,7.0,No club,Other,2,3,NO,NO,LITE,12343,6.8,NO
male,19,BOARD TOPPER,8.37,5.0,No club,CBSE,7,2,NO,NO,LITE,13406,2.8,NO
male,19,BOARD TOPPER,3.0,3.0,No club,CBSE,5,1,YES,YES,GHOT,19302,2.5,NO
male,20,BITSAT,6.04,5.0,No club,CBSE,5,0,YES,NO,GHOT,3021,0.3,YES
female,18,BITSAT,6.44,5.0,DVM,CBSE,13,3,NO,YES,LITE,21373,0.4,NO
male,21,BOARD TOPPER,8.05,6.0,No club,CBSE,2,1,NO,YES,LITE,17760,4.5,NO
male,23,BOARD TOPPER,3.42,3.0,No club,CBSE,3,1,NO,NO,GHOT,11889,4.4,NO
female,19,DASA,5.55,5.0,No club,CBSE,5,0,YES,NO,LITE,2915,0.5,YES
male,23,BITSAT,6.07,3.0,No club,CBSE,2,4,NO,NO,LITE,13441,6.6,NO
male,22,BITSAT,3.25,10.0,No club,CBSE,1,4,NO,YES,LITE,21019,10.3,NO
male,17,BITSAT,9.61,10.0,No club,CBSE,7,1,NO,NO,LITE,11553,0.6,NO
male,23,DASA,5.5,4.0,No club,ICSE,7,2,NO,YES,LITE,14303,6.9,NO
female,19,BITSAT,4.58,7.0,No club,Other,0,4,YES,NO,GHOT,4114,0.3,YES
male,20,BITSAT,5.32,7.0,No club,CBSE,7,4,NO,NO,LITE,17211,9.6,NO
male,17,BITSAT,3.53,6.0,No club,CBSE,2,2,NO,NO,LITE,13324,9.4,NO
male,17,BITSAT,7.98,4.0,SUTT,CBSE,2,2,YES,YES,LITE,19619,5.3,NO
male,22,BITSAT,4.7,6.0,No club,CBSE,1,4,NO,YES,GHOT,13823,9.6,NO
female,22,BOARD TOPPER,8.83,10.0,No club,CBSE,9,2,NO,NO,LITE,5495,0.5,YES
male,20,BITSAT,9.63,7.0,No club,CBSE,0,4,YES,NO,LITE,15739,4.6,NO
male,19,BITSAT,8.63,8.0,No club,CBSE,5,1,YES,NO,LITE,15708,9.9,NO
male,17,BITSAT,4.96,8.0,Gaming Club,CBSE,7,3,NO,YES,LITE,12187,4.3,NO
male,18,BITSAT,6.88,6.0,No club,CBSE,4,1,YES,YES,GHOT,4420,0.3,YES
female,17,DASA,8.54,4.0,No club,CBSE,2,4,NO,YES,GHOT,6435,0.5,YES
female,22,BITSAT,7.01,5.0,No club,CBSE,1,4,NO,YES,LITE,13965,6.5,NO
male,17,DASA,5.21,8.0,No club,CBSE,2,1,NO,NO,LITE,12812,6.4,NO
male,20,BITSAT,10.0,7.0,No club,CBSE,3,0,YES,NO,LITE,19147,1.9,NO
male,24,DASA,3.43,7.0,No club,CBSE,15,1,NO,NO,LITE,12262,5.9,NO
male,17,BITSAT,8.68,7.0,Gaming Club,Other,0,0,YES,YES,LITE,12785,8.6,NO
female,17,BITSAT,4.57,6.0,No club,CBSE,2,4,YES,YES,GHOT,5369,0.45,YES
male,19,BITSAT,5.79,3.0,No club,CBSE,7,3,YES,NO,GHOT,12345,3.3,NO
male,23,DASA,5.44,7.0,No club,ICSE,14,1,YES,NO,GHOT,16828,9.4,NO
male,19,BITSAT,5.44,6.0,No club,CBSE,1,2,NO,YES,LITE,15487,3.8,NO
male,17,BITSAT,6.0,10.0,Mountaineering,CBSE,7,4,NO,YES,LITE,21682,1.4,NO
female,23,DASA,10.0,9.0,No club,ICSE,3,0,YES,NO,LITE,18793,7.3,NO
male,20,BOARD TOPPER,6.49,4.0,No club,CBSE,9,2,YES,NO,LITE,15833,5.4,NO
male,21,BITSAT,5.28,8.0,No club,CBSE,2,0,NO,NO,LITE,15960,5.4,NO
male,17,BOARD TOPPER,4.72,5.0,No club,ICSE,2,0,NO,NO,LITE,18842,3.8,NO
male,18,BITSAT,7.96,6.0,Gaming Club,CBSE,2,0,NO,YES,LITE,11358,1.0,NO
male,17,BOARD TOPPER,7.62,4.0,DVM,CBSE,11,1,NO,YES,GHOT,2736,0.5,YES
female,17,BITSAT,6.8,4.0,No club,CBSE,0,3,YES,YES,GHOT,6419,0.15,YES
male,17,DASA,7.06,9.0,No club,CBSE,13,4,NO,NO,LITE,17729,4.7,NO
female,17,BITSAT,9.13,4.0,No club,Other,3,1,YES,NO,LITE,4545,0.5,YES
male,22,DASA,9.34,3.0,No club,CBSE,5,3,YES,NO,GHOT,5938,0.25,YES
male,22,BITSAT,3.98,4.0,No club,Other,15,4,YES,YES,GHOT,13139,2.6,NO
male,21,BITSAT,5.95,6.0,No club,CBSE,4,2,NO,NO,LITE,19679,10.6,NO
female,21,BOARD TOPPER,4.21,4.0,No club,CBSE,3,3,YES,NO,GHOT,5602,0.15,YES
male,19,BOARD TOPPER,8.65,8.0,No club,CBSE,5,3,NO,NO,GHOT,20139,9.5,NO
female,19,BITSAT,7.24,6.0,No club,CBSE,2,1,NO,NO,GHOT,1260,0.15,YES
male,17,BOARD TOPPER,7.36,5.0,No club,CBSE,5,4,NO,YES,LITE,6463,0.4,YES
female,22,DASA,8.23,10.0,SUTT,ICSE,3,3,YES,NO,GHOT,5057,0.3,YES
female,24,DASA,5.26,6.0,No club,ICSE,14,3,YES,NO,GHOT,6781,0.35,YES
male,17,BITSAT,5.1,8.0,No club,Other,4,4,NO,NO,LITE,16129,1.9,NO
male,22,BITSAT,8.67,10.0,No club,CBSE,7,0,YES,YES,LITE,12237,8.0,NO
female,17,BITSAT,5.75,6.0,No club,Other,5,0,NO,NO,LITE,4501,0.5,YES
female,20,BOARD TOPPER,7.56,6.0,No club,CBSE,7,4,YES,NO,GHOT,13397,2.9,NO
male,20,BITSAT,10.0,8.0,No club,CBSE,4,2,NO,NO,LITE,19476,4.8,NO
male,21,BITSAT,5.25,6.0,No club,CBSE,5,1,NO,NO,GHOT,13085,4.9,NO
male,22,BITSAT,5.37,5.0,No club,ICSE,4,4,YES,NO,LITE,19567,6.5,NO
male,19,BITSAT,10.0,7.0,No club,CBSE,0,0,NO,NO,GHOT,3466,0.3,YES
female,17,BITSAT,3.56,5.0,No club,CBSE,0,4,YES,YES,LITE,17997,9.6,NO
male,21,BITSAT,7.35,9.0,No club,CBSE,3,2,NO,NO,GHOT,12406,9.0,NO
male,20,BITSAT,4.25,4.0,No club,ICSE,13,2,NO,NO,GHOT,5357,0.15,YES
female,19,BITSAT,6.29,9.0,No club,Other,0,3,YES,NO,GHOT,7234,0.25,YES
male,20,BITSAT,8.34,8.0,No club,CBSE,1,4,NO,NO,LITE,15074,3.4,NO
female,21,BOARD TOPPER,9.64,8.0,No club,CBSE,5,1,NO,NO,LITE,5966,0.15,YES
male,19,BITSAT,6.16,8.0,No club,CBSE,14,4,YES,NO,GHOT,13652,1.7,NO
male,20,BOARD TOPPER,9.29,7.0,No club,CBSE,2,2,NO,NO,LITE,11821,8.6,NO
male,17,BITSAT,7.39,3.0,No club,Other,2,1,YES,NO,LITE,13814,9.3,NO
female,20,DASA,5.47,9.0,No club,ICSE,2,2,NO,NO,LITE,5564,0.35,YES
female,20,BITSAT,5.2,6.0,No club,CBSE,7,4,YES,NO,GHOT,6019,0.4,YES
male,22,BOARD TOPPER,8.63,9.0,No club,CBSE,7,4,NO,NO,LITE,20142,6.6,NO
female,21,DASA,5.36,10.0,No club,ICSE,4,3,NO,NO,GHOT,7507,0.4,YES
male,20,BOARD TOPPER,8.24,7.0,No club,CBSE,13,4,YES,NO,LITE,18271,1.7,NO
male,19,BITSAT,7.59,7.0,No club,CBSE,6,0,YES,NO,GHOT,129,0.5,YES
male,20,BOARD TOPPER,5.15,4.0,No club,CBSE,2,4,NO,NO,LITE,21901,10.3,NO
male,23,BITSAT,5.0,8.0,No club,CBSE,0,1,NO,NO,LITE,15438,0.6,NO
male,17,BITSAT,7.33,9.0,No club,CBSE,3,0,NO,NO,LITE,10979,4.8,NO
male,21,DASA,7.65,8.0,No club,CBSE,2,0,NO,NO,GHOT,2177,0.45,YES
male,19,BITSAT,5.75,10.0,No club,CBSE,2,4,YES,NO,LITE,17703,8.5,NO
male,19,BOARD TOPPER,5.7,10.0,No club,CBSE,5,3,YES,NO,GHOT,6654,0.4,YES
male,19,BITSAT,9.14,9.0,SUTT,CBSE,5,4,YES,NO,LITE,20305,9.4,NO
male,19,BOARD TOPPER,5.78,5.0,No club,CBSE,1,2,NO,NO,GHOT,14181,2.9,NO
female,17,BITSAT,5.66,9.0,Mountaineering,CBSE,1,2,NO,YES,LITE,17311,1.9,NO
female,21,DASA,8.27,7.0,No club,CBSE,4,4,YES,NO,GHOT,7486,0.2,YES
male,20,BITSAT,6.78,4.0,No club,CBSE,0,3,NO,NO,LITE,20957,7.9,NO
male,24,BOARD TOPPER,3.59,7.0,No club,CBSE,2,1,NO,NO,GHOT,18590,4.7,NO
female,18,BITSAT,8.94,9.0,Gaming Club,CBSE,4,4,YES,YES,GHOT,5951,0.35,YES
male,20,BOARD TOPPER,7.13,8.0,No club,CBSE,7,4,YES,NO,LITE,20626,5.5,NO
female,17,BITSAT,9.15,8.0,No club,CBSE,0,1,YES,NO,LITE,14172,8.3,NO
male,22,BOARD TOPPER,6.82,7.0,No club,CBSE,7,1,YES,NO,GHOT,12030,7.8,NO
female,18,BOARD TOPPER,7.52,5.0,No club,CBSE,4,2,YES,YES,LITE,4058,0.2,YES
male,19,BOARD TOPPER,6.1,10.0,No club,CBSE,7,4,YES,NO,LITE,12134,2.3,NO
male,21,BOARD TOPPER,6.88,3.0,No club,CBSE,2,0,NO,NO,GHOT,19499,9.9,NO
female,17,BITSAT,8.94,6.0,No club,ICSE,4,1,YES,NO,LITE,14147,4.7,NO
female,17,BITSAT,7.31,3.0,No club,Other,4,1,NO,NO,GHOT,1866,0.2,YES
male,20,BOARD TOPPER,7.34,6.0,No club,CBSE,0,4,NO,NO,LITE,19877,0.5,NO
male,19,BITSAT,6.23,6.0,No club,CBSE,8,2,YES,NO,LITE,19321,0.8,NO
male,20,BITSAT,7.5,3.0,No club,ICSE,7,0,NO,NO,LITE,11577,8.8,NO
male,22,DASA,6.99,9.0,DVM,Other,10,4,NO,NO,LITE,21477,0.7,NO
female,20,BITSAT,7.46,4.0,No club,CBSE,1,4,YES,NO,LITE,21815,5.3,NO
female,20,BOARD TOPPER,5.91,8.0,No club,CBSE,1,2,YES,YES,LITE,3067,0.5,YES
male,21,DASA,5.68,9.0,No club,CBSE,6,3,YES,YES,LITE,3335,0.35,YES
male,23,BOARD TOPPER,3.0,4.0,No club,CBSE,2,3,NO,NO,LITE,20104,9.9,NO
male,17,BITSAT,5.28,10.0,No club,CBSE,6,3,YES,NO,GHOT,19359,2.5,NO
female,20,BITSAT,7.67,3.0,No club,CBSE,2,1,YES,YES,LITE,11815,10.5,NO
male,24,DASA,8.96,8.0,No club,CBSE,5,0,NO,NO,LITE,12631,7.4,NO
male,20,BITSAT,4.7,10.0,No club,CBSE,3,2,YES,NO,GHOT,11694,0.3,NO
female,22,BITSAT,6.48,9.0,No club,CBSE,3,1,YES,YES,LITE,15622,0.4,NO
female,20,BITSAT,6.96,10.0,No club,ICSE,0,2,YES,YES,LITE,6169,0.25,YES
female,20,DASA,4.27,4.0,No club,CBSE,3,4,NO,NO,GHOT,5191,0.3,YES
female,21,DASA,3.54,6.0,No club,ICSE,7,3,YES,NO,GHOT,3807,0.25,YES
female,23,BOARD TOPPER,7.08,10.0,No club,CBSE,7,4,NO,YES,GHOT,4186,0.5,YES
male,17,BITSAT,5.35,4.0,No club,Other,9,4,NO,NO,LITE,13930,1.3,NO
male,17,BITSAT,4.08,7.0,Gaming Club,CBSE,7,0,NO,YES,LITE,4325,0.3,YES
male,23,DASA,8.0,8.0,No club,CBSE,9,4,YES,YES,GHOT,16040,10.3,NO
male,22,DASA,5.46,9.0,No club,CBSE,3,1,NO,NO,LITE,17447,9.5,NO
female,17,BITSAT,6.98,6.0,No club,Other,5,2,NO,NO,GHOT,14334,1.4,NO
male,21,BOARD TOPPER,5.81,6.0,No club,CBSE,6,0,NO,NO,LITE,15716,6.5,NO
male,19,BITSAT,7.27,4.0,Gaming Club,CBSE,2,2,NO,YES,LITE,10000000,6.6,NO
male,20,BITSAT,3.83,6.0,No club,CBSE,0,1,NO,NO,GHOT,5477,0.4,YES
female,24,DASA,7.65,10.0,No club,CBSE,2,3,YES,YES,GHOT,4350,0.15,YES
female,21,DASA,6.27,9.0,No club,CBSE,14,3,YES,NO,GHOT,3790,0.5,YES
male,17,DASA,7.14,10.0,No club,CBSE,6,3,YES,NO,LITE,20499,7.6,NO
male,20,BITSAT,4.26,8.0,No club,CBSE,6,3,NO,NO,LITE,3874,0.15,YES
female,22,BOARD TOPPER,8.49,8.0,No club,CBSE,4,4,YES,YES,GHOT,4416,0.2,YES
male,21,DASA,7.64,4.0,No club,ICSE,7,4,NO,YES,LITE,12861,10.4,NO
female,17,BITSAT,5.45,6.0,No club,Other,15,2,NO,NO,GHOT,4682,0.4,YES
female,24,DASA,8.42,9.0,No club,CBSE,0,3,NO,NO,GHOT,7107,0.15,YES
female,22,BITSAT,4.82,9.0,No club,CBSE,0,4,YES,NO,GHOT,15997,7.9,NO
male,17,BOARD TOPPER,7.31,6.0,No club,CBSE,12,1,YES,NO,LITE,11123,5.8,NO
male,18,BITSAT,8.6,3.0,Gaming Club,Other,5,2,YES,YES,GHOT,20591,8.9,NO
female,21,BITSAT,4.85,6.0,No club,CBSE,1,1,YES,YES,GHOT,4638,0.25,YES
male,24,BITSAT,8.02,6.0,No club,Other,2,3,YES,NO,LITE,19998,1.9,NO
male,20,BITSAT,6.27,3.0,No club,CBSE,2,1,NO,NO,LITE,16194,6.3,NO
male,19,BITSAT,7.91,5.0,No club,CBSE,9,2,YES,NO,GHOT,14199,5.3,NO
male,19,BITSAT,6.5,9.0,No club,CBSE,1,1,NO,NO,GHOT,5831,0.5,YES
male,17,DASA,5.13,7.0,No club,CBSE,8,3,YES,NO,LITE,14973,0.5,NO
male,21,BITSAT,5.76,5.0,No club,ICSE,1,0,YES,NO,GHOT,15091,8.6,NO
male,20,BITSAT,8.68,9.0,No club,CBSE,1,1,YES,NO,GHOT,1844,0.5,YES
male,19,BITSAT,6.33,6.0,No club,CBSE,5,4,NO,NO,GHOT,17381,7.0,NO
male,22,BOARD TOPPER,5.62,5.0,No club,CBSE,4,3,YES,NO,GHOT,5863,0.5,YES
female,19,BITSAT,4.83,5.0,No club,Other,6,4,YES,NO,GHOT,7055,0.25,YES
female,20,DASA,5.48,9.0,No club,CBSE,3,4,YES,NO,GHOT,8589,0.5,YES
female,19,DASA,8.75,3.0,No club,ICSE,14,3,YES,NO,GHOT,6408,0.15,YES
male,21,BOARD TOPPER,3.0,4.0,No club,ICSE,7,4,NO,NO,LITE,18704,6.8,NO
female,20,BITSAT,5.16,7.0,No club,CBSE,5,0,NO,NO,GHOT,18924,8.6,NO
male,20,BITSAT,4.22,7.0,No club,CBSE,3,1,YES,NO,LITE,15245,9.6,NO
male,17,DASA,7.35,3.0,No club,ICSE,14,4,YES,NO,LITE,19195,10.0,NO
male,20,BITSAT,5.97,9.0,No club,ICSE,1,0,NO,NO,LITE,17136,11.0,NO
female,17,DASA,8.74,10.0,No club,CBSE,6,0,YES,YES,LITE,12508,0.7,NO
male,17,DASA,3.15,4.0,No club,CBSE,12,1,YES,NO,GHOT,4839,0.25,YES
female,23,DASA,7.42,10.0,No club,ICSE,9,3,NO,YES,GHOT,6350,0.35,YES
female,17,BITSAT,3.75,6.0,No club,Other,6,4,NO,NO,GHOT,8599,0.15,YES
male,17,BITSAT,6.84,7.0,DVM,Other,14,3,YES,NO,GHOT,4121,0.25,YES
male,19,BITSAT,7.59,3.0,No club,CBSE,4,4,YES,NO,LITE,13500,5.3,NO
female,17,BOARD TOPPER,7.08,7.0,No club,Other,4,0,NO,NO,GHOT,3744,0.2,YES
male,17,BITSAT,6.7,5.0,No club,CBSE,5,4,YES,NO,LITE,21629,8.3,NO
male,17,DASA,4.65,7.0,No club,CBSE,11,0,NO,YES,GHOT,265,0.4,YES
female,17,DASA,5.49,4.0,No club,ICSE,7,4,YES,NO,GHOT,5725,0.25,YES
female,19,DASA,5.79,9.0,No club,ICSE,12,3,YES,NO,GHOT,5246,0.2,YES
male,20,BOARD TOPPER,6.69,8.0,No club,ICSE,6,4,YES,NO,LITE,21727,1.5,NO
female,20,DASA,7.35,5.0,No club,ICSE,2,3,YES,NO,GHOT,5238,0.5,YES
female,20,DASA,4.86,6.0,No club,ICSE,4,3,NO,NO,GHOT,6445,0.4,YES
female,19,DASA,3.0,7.0,DVM,ICSE,11,3,NO,YES,GHOT,3528,0.25,YES
female,20,BOARD TOPPER,7.31,6.0,No club,CBSE,6,3,NO,YES,LITE,21274,4.3,NO
male,20,BITSAT,3.0,8.0,No club,CBSE,6,2,YES,NO,GHOT,19806,10.7,NO
male,22,BOARD TOPPER,7.68,3.0,No club,CBSE,4,0,NO,YES,LITE,19046,10.9,NO
female,20,BOARD TOPPER,10.0,7.0,No club,CBSE,5,3,YES,NO,GHOT,6060,0.25,YES
male,23,BOARD TOPPER,4.72,10.0,No club,CBSE,11,3,NO,NO,LITE,19489,1.5,NO
female,20,DASA,9.45,4.0,No club,CBSE,6,3,NO,YES,GHOT,5691,0.5,YES
female,22,DASA,5.97,10.0,No club,ICSE,3,4,NO,YES,LITE,5578,0.45,YES
male,19,BITSAT,6.75,9.0,No club,CBSE,3,4,YES,NO,LITE,20904,8.8,NO
male,20,BITSAT,5.97,3.0,No club,CBSE,5,3,NO,NO,LITE,20327,4.6,NO
female,20,BOARD TOPPER,6.16,4.0,No club,Other,2,0,NO,NO,LITE,2503,0.3,YES
female,19,BOARD TOPPER,8.71,7.0,No club,CBSE,1,3,NO,YES,GHOT,5141,0.45,YES
female,21,DASA,6.79,4.0,No club,ICSE,2,1,YES,NO,GHOT,2825,0.5,YES
male,24,BITSAT,3.65,7.0,No club,CBSE,1,3,YES,NO,LITE,20007,2.5,NO
female,21,BOARD TOPPER,7.6,4.0,No club,CBSE,4,2,YES,NO,GHOT,6298,0.2,YES
female,20,BITSAT,7.54,10.0,No club,CBSE,13,3,NO,YES,GHOT,5903,0.5,YES
female,19,DASA,3.98,10.0,No club,ICSE,6,3,NO,YES,GHOT,5354,0.35,YES
female,17,BITSAT,4.83,3.0,DVM,Other,12,3,NO,NO,GHOT,3407,0.2,YES
male,22,DASA,9.82,6.0,No club,CBSE,2,4,NO,NO,GHOT,19254,4.0,NO
male,21,DASA,9.87,7.0,No club,CBSE,2,1,NO,YES,LITE,17048,2.6,NO
male,19,BITSAT,5.03,9.0,DVM,CBSE,13,0,NO,NO,LITE,12325,2.3,NO
female,17,DASA,5.26,6.0,No club,CBSE,2,3,NO,NO,GHOT,6433,0.35,YES
male,17,BITSAT,7.67,7.0,No club,CBSE,6,4,YES,NO,LITE,18526,4.0,NO
male,20,DASA,6.39,3.0,No club,CBSE,1,0,YES,NO,LITE,19376,0.4,NO
female,22,DASA,4.76,10.0,No club,ICSE,5,2,YES,NO,GHOT,3498,0.2,YES
male,22,BITSAT,5.34,10.0,No club,CBSE,11,4,YES,NO,GHOT,7563,0.15,YES
male,22,DASA,8.17,3.0,No club,CBSE,3,4,NO,NO,LITE,21572,0.3,NO
male,17,BOARD TOPPER,7.0,6.0,No club,CBSE,2,2,NO,YES,LITE,6054,0.3,YES
female,20,DASA,5.62,4.0,Mountaineering,CBSE,12,3,YES,YES,LITE,7339,0.2,YES
male,20,BOARD TOPPER,6.79,9.0,No club,CBSE,5,4,NO,NO,LITE,15331,5.3,NO
male,20,BOARD TOPPER,9.12,4.0,No club,CBSE,5,4,NO,NO,GHOT,12526,10.9,NO
male,21,BOARD TOPPER,4.98,3.0,No club,CBSE,0,0,NO,NO,GHOT,16140,1.3,NO
female,20,BOARD TOPPER,5.78,10.0,No club,CBSE,7,1,YES,NO,GHOT,3617,0.5,YES
female,22,BOARD TOPPER,6.92,9.0,No club,CBSE,6,4,YES,NO,GHOT,5130,0.3,YES
female,17,BITSAT,5.63,9.0,No club,CBSE,2,4,YES,NO,GHOT,6316,0.45,YES
male,17,BITSAT,6.9,3.0,No club,CBSE,4,4,YES,YES,GHOT,5232,0.35,YES
male,22,BITSAT,8.71,7.0,No club,CBSE,2,3,YES,NO,GHOT,17785,7.8,NO
male,20,BITSAT,3.75,8.0,No club,CBSE,11,0,NO,NO,GHOT,16722,0.3,NO
male,17,DASA,3.0,3.0,No club,CBSE,1,1,NO,NO,LITE,16527,1.0,NO
male,19,BITSAT,5.07,7.0,No club,ICSE,11,4,NO,YES,GHOT,12009,7.6,NO
male,20,BITSAT,4.78,4.0,No club,CBSE,6,0,YES,NO,GHOT,18459,6.4,NO
male,17,BITSAT,7.14,8.0,No club,ICSE,7,1,YES,NO,LITE,19017,3.5,NO
male,20,BITSAT,5.76,4.0,No club,CBSE,3,1,YES,NO,LITE,19507,3.7,NO
female,19,DASA,7.16,8.0,No club,CBSE,4,1,NO,YES,GHOT,5862,0.4,YES
female,21,BOARD TOPPER,9.86,6.0,No club,CBSE,12,4,NO,NO,LITE,17469,6.4,NO
female,17,BITSAT,7.01,7.0,No club,Other,14,0,NO,NO,GHOT,3862,0.15,YES
female,17,BITSAT,5.54,6.0,No club,Other,14,3,YES,NO,GHOT,7833,0.2,YES
male,22,BITSAT,8.93,4.0,No club,CBSE,3,3,YES,YES,LITE,15658,7.0,NO
male,20,BOARD TOPPER,7.69,5.0,No club,ICSE,4,1,NO,NO,LITE,11866,5.4,NO
female,22,BITSAT,3.53,8.0,No club,ICSE,2,2,YES,YES,LITE,17242,2.6,NO
male,21,BITSAT,7.41,6.0,No club,CBSE,10,2,NO,NO,LITE,13114,5.6,NO
male,17,BITSAT,4.6,7.0,No club,Other,3,2,NO,NO,GHOT,14741,9.8,NO
male,20,BITSAT,3.0,7.0,No club,CBSE,0,4,NO,NO,GHOT,19813,2.6,NO
female,24,DASA,5.18,6.0,No club,ICSE,2,1,YES,NO,GHOT,1640,0.5,YES
female,17,BITSAT,10.0,7.0,No club,ICSE,10,3,NO,NO,GHOT,6814,0.3,YES
female,17,BITSAT,8.93,6.0,No club,Other,3,4,YES,NO,GHOT,7703,0.15,YES
female,20,DASA,9.69,5.0,No club,ICSE,3,3,YES,NO,GHOT,6147,0.3,YES
male,20,DASA,6.38,6.0,No club,ICSE,5,3,YES,NO,LITE,6120,0.2,YES
male,19,BITSAT,4.43,4.0,No club,CBSE,6,4,NO,NO,LITE,17629,3.4,NO
male,19,BITSAT,7.3,3.0,No club,CBSE,3,0,YES,NO,GHOT,16816,2.0,NO
male,19,DASA,7.64,7.0,No club,ICSE,5,1,YES,NO,GHOT,14302,8.4,NO
female,17,BITSAT,5.76,8.0,Mountaineering,CBSE,4,1,NO,YES,LITE,12737,6.5,NO
female,17,DASA,7.01,6.0,No club,ICSE,6,2,YES,NO,LITE,3277,0.2,YES
female,19,BITSAT,5.86,4.0,No club,CBSE,11,3,NO,NO,GHOT,7997,0.3,YES
male,20,DASA,6.22,9.0,No club,ICSE,1,3,NO,YES,LITE,21244,3.6,NO
male,19,BITSAT,5.31,8.0,No club,ICSE,5,3,YES,NO,LITE,14967,10.7,NO
male,19,BITSAT,9.23,3.0,No club,CBSE,3,0,YES,NO,LITE,18413,7.4,NO
female,22,DASA,8.96,10.0,No club,ICSE,14,0,NO,NO,LITE,2946,0.35,YES
female,17,BITSAT,7.09,5.0,No club,ICSE,6,3,YES,YES,LITE,4262,0.3,YES
male,21,BITSAT,8.1,10.0,No club,CBSE,0,4,NO,NO,LITE,15483,10.0,NO
female,21,DASA,9.0,6.0,No club,CBSE,9,3,YES,NO,GHOT,3542,0.3,YES
male,17,BITSAT,7.69,10.0,No club,CBSE,0,3,NO,NO,LITE,17621,6.8,NO
male,19,BOARD TOPPER,7.88,4.0,No club,CBSE,12,1,NO,NO,LITE,17137,4.7,NO
female,21,BOARD TOPPER,7.67,3.0,No club,CBSE,6,0,NO,NO,GHOT,2649,0.15,YES
male,17,BITSAT,5.56,10.0,No club,Other,3,3,YES,NO,LITE,15404,8.3,NO
female,19,BOARD TOPPER,8.25,10.0,No club,ICSE,0,2,NO,NO,GHOT,4450,0.45,YES
male,21,DASA,8.13,5.0,No club,CBSE,8,4,NO,YES,GHOT,100000,0.25,YES
male,19,BITSAT,4.7,6.0,No club,CBSE,2,4,YES,NO,GHOT,7295,0.5,YES
male,20,BITSAT,8.21,3.0,DVM,CBSE,14,4,NO,NO,LITE,15140,8.6,NO
female,20,DASA,8.24,8.0,No club,ICSE,4,2,YES,NO,GHOT,4994,0.25,YES
female,20,BITSAT,4.02,4.0,No club,CBSE,4,4,YES,YES,GHOT,8103,0.5,YES
male,19,BITSAT,4.47,5.0,No club,CBSE,6,4,YES,NO,LITE,12553,4.9,NO
female,20,BITSAT,4.56,5.0,No club,CBSE,4,2,YES,NO,GHOT,13420,1.6,NO
male,22,BOARD TOPPER,5.57,4.0,No club,CBSE,1,2,NO,NO,LITE,15348,1.7,NO
male,20,BOARD TOPPER,7.65,10.0,No club,CBSE,5,0,YES,NO,LITE,11599,4.9,NO
female,20,BOARD TOPPER,6.21,3.0,No club,CBSE,4,1,NO,NO,LITE,3099,0.35,YES
male,21,BITSAT,6.45,7.0,No club,CBSE,2,3,NO,NO,GHOT,7898,0.3,YES
male,20,BITSAT,9.97,10.0,No club,CBSE,1,3,NO,NO,LITE,19696,9.9,NO
female,19,BITSAT,10.0,7.0,No club,CBSE,1,4,YES,NO,LITE,17786,1.9,NO
male,20,BITSAT,5.57,6.0,No club,CBSE,2,0,NO,NO,LITE,19348,1.8,NO
female,19,BITSAT,5.19,7.0,No club,CBSE,4,4,NO,NO,LITE,16185,2.8,NO
male,21,BOARD TOPPER,5.31,9.0,No club,CBSE,5,4,YES,NO,LITE,13384,9.8,NO
male,23,BITSAT,7.59,7.0,No club,CBSE,4,1,YES,NO,GHOT,15993,1.5,NO
male,17,BOARD TOPPER,6.51,6.0,No club,CBSE,1,0,NO,YES,GHOT,3826,0.5,YES
male,19,BITSAT,7.04,10.0,No club,CBSE,6,4,YES,NO,LITE,20366,2.0,NO
female,17,BITSAT,7.18,7.0,Mountaineering,CBSE,7,2,YES,YES,GHOT,17661,5.7,NO
male,17,BITSAT,5.16,10.0,No club,CBSE,14,0,YES,NO,LITE,10449,9.5,NO
male,17,BITSAT,4.28,8.0,No club,Other,7,1,YES,NO,LITE,13526,8.7,NO
female,21,DASA,4.7,3.0,No club,Other,5,2,NO,NO,LITE,5361,0.15,YES
male,17,BOARD TOPPER,6.28,7.0,No club,CBSE,1,3,NO,NO,LITE,12544,6.0,NO
male,22,BITSAT,7.25,5.0,No club,CBSE,8,2,YES,NO,GHOT,2329,0.25,YES
female,17,BITSAT,5.76,3.0,No club,CBSE,2,3,YES,NO,GHOT,11584,10.3,NO
female,21,BOARD TOPPER,6.21,8.0,No club,CBSE,0,3,YES,YES,GHOT,7061,0.2,YES
female,19,BOARD TOPPER,7.58,3.0,No club,CBSE,2,4,NO,YES,GHOT,8448,0.25,YES
male,20,BOARD TOPPER,7.87,10.0,No club,CBSE,11,4,NO,NO,GHOT,16975,3.9,NO
female,18,BITSAT,8.55,7.0,No club,CBSE,1,4,YES,YES,GHOT,18521,8.0,NO
male,17,BITSAT,7.52,3.0,No club,ICSE,14,4,NO,NO,LITE,12610,1.8,NO
male,19,BITSAT,8.08,9.0,No club,Other,7,2,NO,NO,GHOT,15619,7.5,NO
male,20,BITSAT,6.69,10.0,No club,CBSE,3,1,YES,NO,LITE,13559,10.3,NO
female,20,BITSAT,5.31,5.0,No club,CBSE,0,0,NO,YES,LITE,13269,1.8,NO
male,19,BITSAT,7.76,4.0,No club,CBSE,9,1,YES,YES,LITE,20461,8.4,NO
male,17,BITSAT,5.93,6.0,No club,CBSE,7,1,YES,NO,LITE,15360,10.7,NO
female,20,BOARD TOPPER,6.25,7.0,No club,CBSE,7,0,YES,NO,LITE,4755,0.3,YES
female,19,BOARD TOPPER,10.0,8.0,No club,CBSE,5,4,YES,NO,GHOT,8364,0.3,YES
male,17,BITSAT,5.43,10.0,No club,Other,0,3,YES,NO,LITE,20070,2.8,NO
male,21,BITSAT,5.48,9.0,No club,CBSE,6,3,NO,NO,LITE,7809,0.2,YES
male,20,DASA,6.97,3.0,No club,CBSE,4,3,NO,NO,GHOT,3785,0.15,YES
female,17,BITSAT,6.22,6.0,No club,CBSE,9,4,NO,NO,GHOT,5222,0.45,YES
female,22,BOARD TOPPER,4.49,6.0,No club,CBSE,3,3,YES,NO,GHOT,5307,0.35,YES
male,19,BITSAT,6.33,7.0,No club,CBSE,0,3,NO,NO,GHOT,14173,0.4,NO
male,23,DASA,9.0,8.0,No club,CBSE,8,2,YES,NO,GHOT,19681,0.3,NO
female,19,DASA,5.33,5.0,No club,CBSE,7,0,NO,YES,GHOT,4575,0.15,YES
female,19,BITSAT,9.15,5.0,DVM,CBSE,14,3,YES,YES,LITE,15514,7.7,NO
female,20,BOARD TOPPER,4.32,10.0,DVM,CBSE,14,2,YES,YES,GHOT,4215,0.45,YES
male,24,DASA,7.54,10.0,No club,CBSE,5,4,NO,YES,LITE,14883,6.9,NO
male,20,BOARD TOPPER,4.75,10.0,No club,CBSE,9,1,YES,NO,LITE,16752,0.5,NO
female,22,BOARD TOPPER,8.48,5.0,No club,CBSE,6,1,NO,YES,GHOT,5649,0.35,YES
male,19,BITSAT,7.81,4.0,No club,CBSE,2,3,NO,NO,LITE,15944,4.3,NO
male,20,BITSAT,9.75,9.0,No club,CBSE,4,1,NO,NO,LITE,14570,8.5,NO
female,20,BOARD TOPPER,5.32,9.0,No club,CBSE,1,0,NO,NO,GHOT,3321,0.5,YES
male,17,BITSAT,7.98,10.0,No club,CBSE,3,3,NO,NO,GHOT,3076,0.25,YES
male,17,DASA,8.33,9.0,No club,CBSE,3,4,NO,YES,GHOT,7303,0.45,YES
female,18,BOARD TOPPER,8.15,5.0,No club,CBSE,3,4,NO,YES,GHOT,5468,0.3,YES
male,21,DASA,3.78,7.0,No club,CBSE,7,4,NO,NO,GHOT,75000,0.5,YES
female,18,BITSAT,6.06,10.0,DVM,ICSE,12,4,YES,YES,GHOT,4103,0.3,YES
male,23,DASA,6.44,4.0,No club,CBSE,5,3,NO,NO,GHOT,6690,0.45,YES
male,21,BOARD TOPPER,6.97,4.0,No club,CBSE,15,4,NO,YES,GHOT,19578,4.5,NO
male,17,BITSAT,6.36,5.0,No club,CBSE,3,2,YES,NO,LITE,19589,9.4,NO
male,20,DASA,8.0,9.0,No club,ICSE,6,0,YES,NO,LITE,13335,3.6,NO
male,23,DASA,7.93,9.0,No club,ICSE,3,2,YES,NO,LITE,5110,0.15,YES
male,17,BITSAT,6.11,10.0,No club,CBSE,6,4,NO,NO,LITE,18710,1.5,NO
male,20,BITSAT,4.9,10.0,No club,ICSE,6,2,NO,NO,LITE,3935,0.15,YES
male,24,DASA,6.53,7.0,No club,CBSE,7,3,NO,NO,LITE,12215,10.7,NO
female,17,DASA,7.84,3.0,No club,CBSE,7,3,NO,NO,LITE,6943,0.15,YES
female,23,BOARD TOPPER,6.59,3.0,No club,CBSE,5,4,YES,NO,LITE,5837,0.3,YES
male,17,BITSAT,7.9,6.0,No club,Other,8,4,NO,NO,LITE,13289,7.8,NO
male,22,DASA,7.8,6.0,No club,CBSE,14,1,NO,NO,GHOT,4354,0.3,YES
male,21,BITSAT,7.18,4.0,No club,CBSE,7,4,NO,NO,GHOT,20251,4.4,NO
male,22,DASA,6.31,3.0,No club,CBSE,2,1,YES,NO,LITE,11063,3.9,NO
male,22,BOARD TOPPER,7.8,3.0,No club,CBSE,5,0,NO,NO,LITE,12061,3.4,NO
male,17,BITSAT,5.17,4.0,No club,CBSE,11,0,YES,NO,LITE,17678,2.6,NO
male,21,BITSAT,5.83,7.0,No club,CBSE,6,4,YES,NO,LITE,20844,8.7,NO
male,17,BOARD TOPPER,3.69,10.0,No club,CBSE,11,2,NO,NO,GHOT,12053,0.8,NO
male,23,DASA,6.78,6.0,No club,CBSE,6,3,NO,NO,LITE,16430,10.9,NO
male,17,BITSAT,7.77,5.0,No club,Other,4,2,NO,NO,GHOT,13885,3.0,NO
female,17,BITSAT,7.19,6.0,DVM,ICSE,11,0,NO,YES,LITE,220,0.15,YES
male,17,BITSAT,4.68,9.0,No club,CBSE,4,3,NO,NO,LITE,15442,10.3,NO
male,21,BITSAT,8.98,8.0,No club,CBSE,0,2,NO,NO,LITE,18515,3.9,NO
female,21,BOARD TOPPER,7.26,7.0,No club,CBSE,7,0,NO,YES,GHOT,359,0.4,YES
female,20,BOARD TOPPER,6.23,7.0,No club,ICSE,4,4,NO,NO,GHOT,5384,0.2,YES
female,19,BITSAT,6.43,7.0,No club,CBSE,7,3,NO,NO,LITE,18174,3.7,NO
male,17,DASA,6.73,5.0,No club,CBSE,11,0,YES,NO,LITE,18923,2.8,NO
male,21,BOARD TOPPER,8.61,3.0,No club,CBSE,7,2,NO,NO,LITE,17697,2.8,NO
male,20,BITSAT,6.04,7.0,No club,CBSE,6,0,YES,NO,LITE,15553,2.4,NO
male,19,BITSAT,6.12,5.0,No club,CBSE,6,2,NO,NO,LITE,20665,2.3,NO
female,17,BITSAT,7.2,5.0,No club,CBSE,5,1,NO,YES,GHOT,5625,0.3,YES
male,18,BITSAT,8.88,10.0,SUTT,CBSE,2,4,YES,YES,LITE,13880,7.4,NO
male,17,BOARD TOPPER,6.29,6.0,No club,CBSE,11,0,YES,NO,LITE,16045,0.3,NO
male,23,BITSAT,6.21,9.0,No club,CBSE,6,4,YES,NO,LITE,19743,7.4,NO
female,24,BITSAT,5.06,6.0,No club,CBSE,2,0,YES,NO,GHOT,2972,0.45,YES
male,20,DASA,10.0,9.0,No club,ICSE,9,4,NO,NO,GHOT,4851,0.5,YES
female,17,BITSAT,4.57,3.0,Mountaineering,CBSE,0,3,YES,YES,LITE,20986,6.9,NO
female,21,DASA,3.73,4.0,No club,CBSE,7,3,YES,NO,LITE,5285,0.4,YES
male,24,DASA,9.78,7.0,No club,ICSE,2,3,NO,NO,LITE,19377,5.3,NO
male,20,BITSAT,7.75,9.0,No club,CBSE,3,1,YES,NO,GHOT,16011,5.9,NO
male,18,BITSAT,5.65,7.0,No club,CBSE,2,1,NO,YES,GHOT,1955,0.45,YES
male,17,BITSAT,7.29,7.0,No club,CBSE,0,4,NO,NO,LITE,21597,8.0,NO
male,19,BITSAT,5.38,3.0,No club,CBSE,0,1,NO,NO,LITE,15995,3.9,NO
male,23,DASA,4.34,4.0,No club,CBSE,2,1,YES,NO,LITE,17073,4.3,NO
male,25,DASA,5.77,5.0,No club,ICSE,14,2,NO,NO,LITE,20209,9.9,NO
male,19,BITSAT,3.0,5.0,No club,CBSE,5,1,NO,NO,LITE,15273,0.9,NO
male,17,BITSAT,8.68,9.0,No club,ICSE,1,1,YES,NO,GHOT,19890,7.7,NO
female,23,DASA,3.63,8.0,No club,ICSE,5,2,NO,NO,GHOT,2401,0.15,YES
male,17,BITSAT,5.65,4.0,No club,CBSE,15,4,YES,NO,LITE,14431,3.0,NO
female,20,DASA,6.99,7.0,No club,CBSE,5,0,NO,YES,LITE,10019,10.7,NO
male,20,BITSAT,6.81,9.0,No club,CBSE,2,3,YES,NO,LITE,11801,9.0,NO
male,19,BITSAT,6.53,7.0,No club,CBSE,1,2,NO,NO,LITE,20976,8.9,NO
female,19,BITSAT,7.19,9.0,No club,Other,6,0,NO,NO,GHOT,16925,5.9,NO
female,17,BITSAT,3.59,9.0,No club,Other,9,3,YES,NO,LITE,13796,8.5,NO
female,21,BITSAT,7.54,9.0,No club,CBSE,5,0,NO,NO,GHOT,10633,5.9,NO
male,17,DASA,6.81,9.0,No club,CBSE,13,4,NO,NO,GHOT,4686,0.2,YES
male,20,BITSAT,6.57,3.0,No club,CBSE,0,3,NO,NO,LITE,16613,5.3,NO
male,20,BITSAT,7.35,6.0,No club,CBSE,7,2,YES,NO,GHOT,6719,0.5,YES
male,20,BITSAT,8.56,7.0,No club,Other,6,3,NO,NO,LITE,4162,0.15,YES
male,17,BITSAT,8.5,9.0,No club,CBSE,1,3,NO,NO,LITE,20028,1.8,NO
male,21,DASA,8.75,6.0,No club,CBSE,6,4,YES,NO,GHOT,5227,0.45,YES
female,23,DASA,4.64,3.0,No club,ICSE,2,3,YES,NO,GHOT,7184,0.4,YES
male,20,BITSAT,5.73,4.0,No club,CBSE,7,3,YES,NO,LITE,18910,0.9,NO
male,22,DASA,9.42,6.0,No club,CBSE,3,1,NO,NO,LITE,10545,8.4,NO
female,21,BOARD TOPPER,8.16,10.0,No club,CBSE,3,0,YES,NO,GHOT,3763,0.45,YES
male,17,BITSAT,5.0,10.0,No club,Other,6,3,NO,NO,LITE,15655,7.4,NO
female,21,BOARD TOPPER,6.73,4.0,No club,CBSE,1,0,YES,NO,GHOT,1425,0.15,YES
male,21,BITSAT,3.0,8.0,No club,CBSE,5,3,YES,NO,LITE,19135,8.6,NO
female,20,DASA,7.31,9.0,No club,CBSE,5,0,YES,NO,GHOT,3049,0.15,YES
male,19,BITSAT,9.36,8.0,No club,CBSE,7,3,YES,NO,LITE,18054,7.7,NO
male,17,BITSAT,5.09,8.0,No club,ICSE,7,0,YES,NO,LITE,18703,5.0,NO
female,22,DASA,5.48,8.0,No club,ICSE,11,0,NO,YES,GHOT,3909,0.2,YES
male,17,BITSAT,7.56,7.0,No club,ICSE,11,4,NO,NO,LITE,14313,1.5,NO
male,22,BITSAT,7.05,3.0,No club,Other,6,1,YES,NO,GHOT,16178,9.7,NO
female,23,BOARD TOPPER,6.9,10.0,No club,CBSE,0,3,YES,NO,GHOT,3479,0.45,YES
male,17,DASA,6.65,9.0,No club,CBSE,4,3,NO,NO,LITE,14609,2.0,NO
male,21,BITSAT,6.12,3.0,No club,CBSE,4,1,YES,NO,LITE,2523450,5.0,NO
male,20,BOARD TOPPER,4.06,7.0,DVM,CBSE,13,4,YES,YES,LITE,21719,1.6,NO
female,17,BOARD TOPPER,5.49,9.0,No club,CBSE,9,1,NO,YES,GHOT,2987,0.25,YES
male,17,BITSAT,7.67,8.0,No club,ICSE,5,3,NO,NO,LITE,18820,0.4,NO
male,19,BITSAT,6.19,3.0,No club,ICSE,5,2,YES,YES,LITE,20376,1.9,NO
female,17,BITSAT,9.25,8.0,No club,ICSE,4,1,YES,YES,GHOT,5708,0.3,YES
female,20,BITSAT,5.06,3.0,No club,CBSE,8,4,NO,NO,LITE,14514,2.7,NO
female,18,BOARD TOPPER,5.44,5.0,No club,CBSE,5,4,YES,YES,LITE,8309,0.4,YES
male,22,DASA,7.04,7.0,No club,CBSE,2,3,NO,NO,LITE,18451,5.5,NO
female,20,DASA,5.72,6.0,No club,ICSE,4,0,YES,NO,LITE,2909,0.15,YES
male,17,BITSAT,5.06,9.0,No club,CBSE,4,3,YES,NO,GHOT,15068,3.3,NO
female,19,DASA,4.88,10.0,No club,ICSE,0,0,NO,YES,GHOT,106,0.4,YES
female,21,DASA,7.13,4.0,No club,CBSE,2,4,NO,YES,GHOT,7930,0.25,YES
female,18,BITSAT,6.34,4.0,Gaming Club,CBSE,8,3,NO,YES,LITE,12677,8.9,NO
female,18,BITSAT,6.94,4.0,Gaming Club,CBSE,5,0,NO,YES,LITE,14504,0.5,NO
male,21,BOARD TOPPER,5.87,10.0,No club,CBSE,3,0,YES,NO,GHOT,657,0.15,YES
male,23,DASA,7.85,7.0,No club,ICSE,11,3,NO,NO,LITE,19564,5.3,NO
male,24,DASA,7.28,10.0,No club,CBSE,7,3,NO,NO,LITE,19054,3.9,NO
female,19,BOARD TOPPER,6.44,9.0,No club,CBSE,3,2,YES,NO,LITE,4311,0.3,YES
male,17,BOARD TOPPER,4.8,5.0,No club,ICSE,7,4,NO,NO,GHOT,4179,0.3,YES
male,21,BITSAT,7.93,6.0,No club,CBSE,1,4,YES,YES,LITE,15375,7.5,NO
male,18,BOARD TOPPER,3.0,10.0,No club,CBSE,2,1,YES,YES,GHOT,3094,0.15,YES
male,19,DASA,4.39,10.0,No club,ICSE,14,4,YES,YES,GHOT,4906,0.3,YES
male,20,BOARD TOPPER,6.23,9.0,No club,CBSE,7,4,YES,NO,GHOT,20403,5.7,NO
male,17,BITSAT,7.69,4.0,No club,Other,4,0,YES,NO,LITE,15994,9.8,NO
male,19,BITSAT,5.4,8.0,No club,ICSE,8,0,NO,NO,GHOT,1270,0.5,YES
female,19,BITSAT,7.3,7.0,No club,CBSE,6,4,NO,NO,GHOT,6305,0.45,YES
male,24,DASA,7.95,4.0,No club,CBSE,0,4,YES,NO,GHOT,15063,3.7,NO
female,22,DASA,8.06,4.0,No club,ICSE,5,0,YES,NO,GHOT,2087,0.35,YES
male,17,DASA,5.86,5.0,No club,ICSE,12,3,YES,NO,LITE,18962,10.8,NO
female,21,DASA,8.54,4.0,No club,CBSE,1,3,YES,YES,GHOT,4327,0.25,YES
female,21,BITSAT,6.54,9.0,No club,CBSE,4,3,YES,NO,GHOT,4197,0.4,YES
male,17,BITSAT,6.87,8.0,No club,Other,3,3,YES,NO,LITE,13007,1.4,NO
male,22,BITSAT,3.53,8.0,No club,CBSE,5,0,NO,NO,LITE,14003,9.3,NO
male,20,BOARD TOPPER,6.98,6.0,No club,CBSE,4,0,NO,NO,LITE,15372,11.0,NO
male,17,BITSAT,5.4,8.0,No club,CBSE,2,0,NO,NO,LITE,13730,10.7,NO
female,17,BITSAT,5.23,6.0,No club,CBSE,15,1,YES,NO,GHOT,15401,0.9,NO
male,20,BITSAT,5.3,7.0,DVM,CBSE,14,2,NO,NO,LITE,12990,1.5,NO
male,19,BITSAT,3.3,8.0,No club,CBSE,15,1,YES,NO,LITE,19946,8.6,NO
female,20,BITSAT,6.21,6.0,No club,CBSE,0,1,NO,YES,LITE,15113,7.4,NO
male,17,BITSAT,7.9,9.0,No club,ICSE,15,4,NO,NO,LITE,13953,3.7,NO
male,21,BITSAT,4.04,8.0,No club,CBSE,8,4,NO,NO,GHOT,6348,0.5,YES
male,24,BOARD TOPPER,5.73,5.0,No club,CBSE,7,4,YES,NO,GHOT,43170987,0.4,YES
female,23,DASA,7.62,10.0,DVM,CBSE,12,3,NO,NO,LITE,3867,0.2,YES
male,21,DASA,3.0,6.0,No club,CBSE,5,4,YES,NO,GHOT,8513,0.25,YES
female,17,BITSAT,4.29,10.0,No club,Other,11,3,NO,NO,GHOT,4844,0.45,YES
male,19,BITSAT,8.18,10.0,No club,CBSE,1,3,NO,NO,LITE,15862,0.6,NO
male,19,BITSAT,7.02,10.0,No club,CBSE,4,1,YES,NO,LITE,19513,8.8,NO
female,21,BOARD TOPPER,6.33,9.0,No club,CBSE,9,2,NO,NO,GHOT,2575,0.2,YES
female,21,DASA,6.03,8.0,No club,CBSE,6,4,NO,NO,LITE,8616,0.3,YES
female,17,BITSAT,7.1,4.0,No club,ICSE,5,3,YES,NO,LITE,14062,3.6,NO
male,21,BITSAT,7.5,10.0,No club,CBSE,9,1,YES,NO,GHOT,4919,0.4,YES
female,20,BOARD TOPPER,5.84,9.0,No club,CBSE,4,4,NO,YES,GHOT,5818,0.3,YES
female,21,DASA,5.44,3.0,No club,ICSE,2,4,NO,YES,GHOT,6268,0.3,YES
male,23,BOARD TOPPER,4.36,10.0,No club,CBSE,1,3,NO,NO,LITE,12862,6.9,NO
male,21,DASA,6.39,6.0,No club,ICSE,10,1,NO,NO,LITE,11400,4.4,NO
male,17,BITSAT,8.82,6.0,No club,ICSE,3,1,NO,NO,LITE,13611,7.3,NO
female,19,DASA,8.22,8.0,No club,CBSE,4,0,NO,YES,LITE,1263,0.5,YES
male,22,BOARD TOPPER,5.38,9.0,No club,CBSE,5,4,YES,NO,LITE,17288,9.9,NO
male,24,DASA,4.39,10.0,No club,ICSE,11,4,YES,YES,GHOT,6986,0.35,YES
male,19,BITSAT,6.53,5.0,No club,CBSE,4,3,YES,NO,LITE,14200,5.9,NO
male,17,BITSAT,6.88,4.0,No club,CBSE,5,2,YES,NO,LITE,16876,5.5,NO
male,21,BITSAT,9.75,8.0,No club,CBSE,9,1,NO,NO,LITE,19393,2.6,NO
female,23,DASA,7.79,4.0,No club,ICSE,6,1,YES,NO,GHOT,4801,0.2,YES
male,22,BITSAT,6.25,9.0,No club,CBSE,9,3,NO,NO,LITE,13477,0.8,NO
female,17,BITSAT,3.83,9.0,No club,Other,15,0,NO,YES,LITE,14552,8.0,NO
male,21,BOARD TOPPER,6.24,7.0,No club,CBSE,9,2,YES,NO,LITE,17004,7.8,NO
male,21,BITSAT,8.6,5.0,No club,CBSE,2,2,NO,YES,GHOT,13693,8.6,NO
female,17,BOARD TOPPER,5.32,4.0,No club,CBSE,0,0,YES,NO,GHOT,3703,0.35,YES
male,23,BITSAT,5.82,3.0,No club,CBSE,1,4,YES,NO,GHOT,12292,1.3,NO
male,17,BITSAT,7.11,6.0,No club,ICSE,4,1,NO,NO,LITE,10575,4.4,NO
male,23,DASA,7.98,5.0,No club,ICSE,6,1,NO,NO,GHOT,1338,0.45,YES
female,20,BOARD TOPPER,7.55,7.0,DVM,CBSE,13,3,YES,YES,GHOT,4540,0.2,YES
male,17,BITSAT,10.0,8.0,No club,CBSE,0,3,YES,NO,LITE,15587,6.8,NO
male,17,DASA,3.75,4.0,No club,CBSE,0,0,NO,NO,LITE,16554,4.4,NO
male,22,BITSAT,6.21,3.0,No club,CBSE,0,1,NO,NO,LITE,10659,1.5,NO
male,21,DASA,6.5,9.0,No club,ICSE,5,2,NO,NO,LITE,4384,0.35,YES
male,21,BITSAT,5.31,7.0,No club,CBSE,3,4,NO,NO,LITE,13031,2.5,NO
male,20,BITSAT,8.16,7.0,No club,CBSE,6,4,YES,NO,LITE,21607,3.3,NO
male,20,DASA,4.42,10.0,No club,CBSE,2,0,NO,NO,GHOT,861,0.5,YES
female,19,BOARD TOPPER,7.3,4.0,No club,ICSE,4,3,NO,YES,GHOT,4240,0.15,YES
female,22,DASA,9.42,3.0,No club,CBSE,0,3,YES,NO,GHOT,6335,0.3,YES
female,21,BITSAT,7.6,3.0,No club,CBSE,2,3,NO,YES,LITE,12581,3.8,NO
male,17,BITSAT,7.62,10.0,No club,CBSE,0,2,YES,NO,LITE,11917,9.5,NO
female,17,BITSAT,5.67,3.0,No club,Other,0,2,NO,NO,LITE,6043,0.5,YES
male,17,BITSAT,7.2,8.0,No club,Other,4,3,YES,NO,LITE,11909,3.9,NO
male,21,BITSAT,5.17,8.0,No club,CBSE,2,1,YES,NO,LITE,19644,9.4,NO
female,20,BOARD TOPPER,5.56,5.0,No club,CBSE,7,0,NO,YES,GHOT,3178,0.3,YES
male,21,BITSAT,8.33,6.0,No club,CBSE,2,3,NO,YES,LITE,16382,7.5,NO
female,20,BITSAT,7.08,3.0,No club,CBSE,13,0,YES,NO,LITE,14436,3.5,NO
female,17,BOARD TOPPER,7.21,10.0,DVM,CBSE,12,0,NO,YES,LITE,3854,0.35,YES
male,20,BOARD TOPPER,6.59,9.0,No club,CBSE,1,4,NO,NO,GHOT,17341,9.6,NO
male,20,BITSAT,5.44,9.0,No club,ICSE,7,3,YES,NO,LITE,16902,6.3,NO
male,22,DASA,5.45,5.0,No club,CBSE,13,1,YES,NO,GHOT,1569,0.4,YES
male,19,BITSAT,7.11,3.0,No club,ICSE,3,4,YES,YES,LITE,6710,0.25,YES
male,19,BITSAT,7.46,10.0,No club,CBSE,14,3,YES,NO,LITE,14935,5.7,NO
male,19,BITSAT,9.1,5.0,No club,CBSE,3,2,NO,NO,LITE,13297,7.4,NO
male,24,DASA,6.79,7.0,No club,CBSE,5,1,NO,NO,GHOT,18558,0.7,NO
male,23,BOARD TOPPER,8.25,5.0,No club,Other,8,2,YES,NO,LITE,15790,6.5,NO
female,19,DASA,9.83,9.0,No club,CBSE,4,0,NO,NO,GHOT,2516,0.2,YES
male,20,BITSAT,8.69,4.0,No club,CBSE,5,3,YES,NO,GHOT,16098,8.8,NO
male,17,BITSAT,5.95,9.0,No club,Other,1,4,NO,NO,LITE,19040,8.4,NO
male,26,DASA,4.55,8.0,No club,CBSE,2,2,YES,NO,LITE,5931,0.45,YES
male,23,BITSAT,6.95,8.0,No club,CBSE,5,3,NO,NO,GHOT,20596,2.9,NO
male,21,DASA,6.49,10.0,No club,ICSE,1,3,YES,NO,LITE,7178,0.45,YES
male,17,DASA,6.69,7.0,No club,CBSE,12,3,YES,NO,LITE,14951,5.4,NO
female,18,BITSAT,5.33,8.0,Mountaineering,CBSE,2,4,NO,YES,LITE,16705,3.5,NO
female,20,BOARD TOPPER,3.0,3.0,No club,CBSE,15,1,NO,NO,LITE,5003,0.3,YES
male,21,BITSAT,6.77,8.0,No club,CBSE,2,4,YES,NO,LITE,18263,5.8,NO
male,20,BOARD TOPPER,7.64,8.0,No club,CBSE,6,0,NO,YES,LITE,12054,9.4,NO
female,22,BITSAT,5.32,10.0,No club,CBSE,4,2,NO,YES,LITE,15961,4.3,NO
male,17,BITSAT,8.27,6.0,No club,CBSE,4,3,NO,NO,GHOT,19172,9.5,NO
male,19,BITSAT,6.33,3.0,No club,CBSE,4,0,NO,NO,LITE,15637,6.3,NO
female,20,DASA,5.97,4.0,No club,ICSE,3,4,NO,NO,LITE,8236,0.15,YES
female,17,BITSAT,9.0,6.0,Mountaineering,CBSE,3,3,NO,YES,GHOT,12235,9.3,NO
male,17,BITSAT,9.37,10.0,No club,CBSE,4,1,YES,NO,GHOT,2994,0.15,YES
female,17,BITSAT,5.92,8.0,DVM,ICSE,12,3,NO,YES,GHOT,6974,0.5,YES
male,22,DASA,4.87,3.0,No club,ICSE,3,4,NO,NO,LITE,8520,0.35,YES
male,19,BITSAT,9.29,6.0,No club,CBSE,2,4,NO,NO,LITE,13143,1.0,NO
male,23,DASA,10.0,5.0,No club,ICSE,4,2,NO,NO,GHOT,4030,0.15,YES
male,17,BITSAT,7.34,7.0,No club,CBSE,11,4,YES,NO,LITE,17889,6.9,NO
female,20,BITSAT,8.53,9.0,No club,CBSE,1,2,YES,NO,GHOT,5642,0.5,YES
male,17,BITSAT,9.18,5.0,No club,CBSE,0,4,NO,NO,LITE,17013,5.8,NO
female,19,BOARD TOPPER,9.36,9.0,No club,CBSE,3,0,NO,YES,GHOT,312,0.2,YES
male,19,BITSAT,6.6,6.0,No club,CBSE,5,3,YES,NO,GHOT,17469,7.5,NO
female,17,BITSAT,6.18,7.0,No club,Other,8,0,NO,NO,LITE,1131,0.5,YES
female,19,BITSAT,8.35,10.0,No club,Other,3,3,NO,NO,LITE,19926,6.7,NO
male,20,BOARD TOPPER,7.73,4.0,DVM,CBSE,13,0,NO,NO,LITE,14624,2.0,NO
male,17,BITSAT,7.25,6.0,No club,CBSE,9,1,YES,NO,LITE,16055,6.4,NO
female,21,BITSAT,8.34,3.0,No club,Other,3,2,YES,YES,LITE,13592,4.8,NO
male,20,BOARD TOPPER,3.59,4.0,No club,CBSE,8,0,YES,NO,LITE,18057,11.0,NO
male,24,DASA,9.06,8.0,No club,ICSE,5,0,YES,YES,GHOT,13960,3.7,NO
male,23,DASA,5.66,7.0,DVM,CBSE,13,2,YES,NO,GHOT,3679,0.45,YES
male,22,BITSAT,6.36,8.0,No club,ICSE,6,3,NO,NO,GHOT,11551,1.4,NO
male,22,DASA,5.6,4.0,No club,CBSE,6,1,NO,NO,GHOT,20090,5.8,NO
male,21,BITSAT,8.28,9.0,No club,CBSE,0,0,NO,NO,LITE,16176,5.3,NO
male,19,BITSAT,6.3,6.0,No club,CBSE,6,2,NO,NO,GHOT,2727,0.35,YES
male,21,BOARD TOPPER,7.33,5.0,DVM,CBSE,13,4,NO,NO,LITE,20443,9.8,NO
male,20,BOARD TOPPER,5.59,9.0,No club,CBSE,13,1,NO,NO,GHOT,13401,0.7,NO
male,17,BITSAT,7.3,6.0,No club,CBSE,4,2,NO,NO,LITE,19950,4.8,NO
male,22,BITSAT,3.0,8.0,No club,CBSE,6,2,YES,NO,LITE,16129,4.3,NO
female,17,DASA,7.84,7.0,No club,CBSE,14,2,YES,NO,GHOT,5268,0.3,YES
female,22,BOARD TOPPER,8.25,10.0,No club,CBSE,4,3,YES,YES,GHOT,4066,0.2,YES
male,20,DASA,8.45,6.0,No club,CBSE,6,4,NO,NO,LITE,17135,8.9,NO
male,25,BOARD TOPPER,3.0,5.0,No club,CBSE,3,1,NO,NO,LITE,14527,9.0,NO
male,20,BOARD TOPPER,7.19,5.0,No club,CBSE,2,1,NO,NO,LITE,5396,0.25,YES
male,17,BOARD TOPPER,7.26,10.0,No club,CBSE,5,4,NO,NO,LITE,21318,1.9,NO
male,19,BITSAT,3.8,5.0,No club,CBSE,5,0,NO,NO,GHOT,18396,6.7,NO
male,20,BITSAT,8.94,7.0,No club,CBSE,5,1,YES,NO,LITE,14958,4.4,NO
female,19,BITSAT,3.51,5.0,No club,CBSE,15,2,NO,NO,GHOT,3980,0.15,YES
female,22,BITSAT,5.26,4.0,No club,CBSE,13,4,NO,YES,GHOT,16775,1.6,NO
male,21,DASA,8.14,9.0,No club,ICSE,8,1,YES,YES,LITE,1704,0.45,YES
female,17,BITSAT,7.64,4.0,No club,Other,3,4,YES,NO,LITE,19991,7.3,NO
male,20,DASA,3.0,4.0,No club,ICSE,7,1,YES,NO,GHOT,5756,0.25,YES
male,19,BITSAT,8.54,5.0,No club,CBSE,4,4,NO,NO,LITE,18163,6.9,NO
male,24,BOARD TOPPER,6.41,4.0,No club,CBSE,14,0,NO,YES,LITE,15943,9.8,NO
male,20,BOARD TOPPER,5.69,5.0,No club,ICSE,14,2,YES,YES,LITE,20453,7.4,NO
male,19,BITSAT,6.77,4.0,Gaming Club,CBSE,5,2,NO,YES,GHOT,11760,1.7,NO
male,19,BITSAT,4.79,3.0,No club,CBSE,6,2,YES,NO,LITE,15096,1.7,NO
male,19,BITSAT,8.79,10.0,No club,CBSE,7,2,YES,NO,LITE,13851,2.3,NO
female,19,DASA,7.4,10.0,No club,CBSE,7,1,YES,YES,GHOT,3030,0.2,YES
male,20,DASA,8.57,6.0,No club,CBSE,6,4,NO,NO,GHOT,5161,0.3,YES
female,17,BITSAT,7.57,10.0,No club,ICSE,5,4,YES,YES,GHOT,5161,0.3,YES
male,17,BITSAT,6.21,3.0,No club,CBSE,4,4,NO,NO,LITE,6273,0.2,YES
male,20,BITSAT,6.98,8.0,No club,ICSE,4,3,NO,NO,LITE,14256,2.0,NO
male,24,DASA,5.84,9.0,No club,CBSE,2,1,NO,NO,LITE,15206,6.8,NO
male,23,BOARD TOPPER,7.22,10.0,No club,CBSE,1,0,YES,NO,GHOT,18542,8.7,NO
male,22,BITSAT,4.99,8.0,No club,CBSE,8,0,YES,NO,LITE,18077,4.3,NO
female,17,BITSAT,9.08,7.0,No club,Other,2,4,NO,NO,GHOT,6748,0.25,YES
male,23,DASA,6.43,10.0,No club,ICSE,4,3,NO,YES,GHOT,20794,4.7,NO
male,22,BITSAT,4.65,4.0,No club,CBSE,13,2,YES,NO,LITE,14182,2.8,NO
female,19,DASA,3.64,6.0,No club,ICSE,5,3,NO,NO,GHOT,3689,0.3,YES
male,21,DASA,5.88,3.0,No club,CBSE,6,4,NO,NO,GHOT,5912,0.5,YES
female,19,BITSAT,5.28,6.0,No club,ICSE,2,3,NO,YES,LITE,13790,1.8,NO
male,20,BITSAT,5.92,6.0,No club,Other,1,0,YES,NO,LITE,16859,0.6,NO
male,20,BITSAT,7.37,8.0,No club,CBSE,0,0,NO,NO,LITE,10378,8.0,NO
male,21,BOARD TOPPER,5.58,10.0,No club,CBSE,10,2,YES,NO,LITE,11031,10.4,NO
female,22,BOARD TOPPER,5.07,9.0,No club,CBSE,0,2,YES,NO,LITE,2446,0.5,YES
male,22,DASA,6.69,9.0,No club,CBSE,5,3,NO,NO,GHOT,5959,0.25,YES
female,19,DASA,4.51,6.0,No club,CBSE,0,4,YES,NO,GHOT,8966,0.25,YES
male,17,BITSAT,6.79,6.0,No club,ICSE,0,4,YES,YES,GHOT,4878,0.3,YES
female,20,DASA,6.94,5.0,No club,ICSE,15,3,NO,NO,GHOT,5243,0.4,YES
male,17,DASA,7.43,3.0,No club,CBSE,3,3,NO,NO,LITE,17957,7.6,NO
male,22,DASA,7.45,6.0,No club,CBSE,11,2,NO,NO,GHOT,3474,0.45,YES
male,20,BITSAT,10.0,4.0,No club,CBSE,7,3,NO,NO,LITE,21314,1.4,NO
male,23,BOARD TOPPER,6.12,4.0,No club,CBSE,15,4,NO,NO,LITE,20105,6.4,NO
male,19,BITSAT,7.08,9.0,No club,CBSE,6,3,YES,NO,LITE,18759,10.9,NO
female,21,DASA,5.86,9.0,No club,ICSE,0,1,YES,NO,GHOT,5458,0.4,YES
female,20,BOARD TOPPER,4.23,8.0,No club,CBSE,6,3,NO,NO,GHOT,7494,0.3,YES
male,17,BITSAT,7.47,9.0,No club,Other,7,4,NO,NO,GHOT,12649,5.5,NO
male,21,BITSAT,4.22,5.0,No club,CBSE,4,3,NO,NO,GHOT,15150,0.3,NO
female,18,BOARD TOPPER,7.27,6.0,No club,CBSE,4,4,NO,YES,GHOT,8523,0.15,YES
male,19,BITSAT,4.74,4.0,No club,CBSE,5,4,YES,NO,LITE,17162,8.5,NO
male,21,BOARD TOPPER,4.88,7.0,No club,CBSE,1,1,NO,NO,LITE,20081,6.0,NO
male,23,BOARD TOPPER,7.95,5.0,No club,CBSE,10,0,YES,NO,LITE,12332,3.9,NO
male,20,DASA,3.64,3.0,No club,CBSE,11,2,NO,NO,LITE,2162,0.2,YES
male,19,BITSAT,7.66,5.0,No club,CBSE,10,4,NO,NO,GHOT,19220,8.0,NO
female,20,BOARD TOPPER,3.42,10.0,Mountaineering,CBSE,10,2,YES,NO,GHOT,5588,0.2,YES
female,17,BITSAT,9.4,8.0,No club,Other,7,3,NO,NO,GHOT,3968,0.4,YES
male,20,BOARD TOPPER,8.17,4.0,No club,CBSE,2,4,NO,NO,GHOT,16823,5.3,NO
female,20,BITSAT,7.91,10.0,No club,CBSE,6,0,YES,NO,LITE,18902,8.0,NO
female,20,DASA,6.89,3.0,No club,CBSE,5,1,YES,NO,GHOT,1393,0.45,YES
male,18,BITSAT,5.12,7.0,No club,ICSE,4,3,NO,NO,GHOT,16773,3.7,NO
male,17,BOARD TOPPER,6.48,5.0,No club,CBSE,2,1,NO,NO,LITE,14355,10.8,NO
male,20,BOARD TOPPER,10.0,3.0,No club,CBSE,0,2,YES,NO,LITE,14986,6.3,NO
male,20,BOARD TOPPER,5.41,6.0,No club,CBSE,5,1,YES,NO,LITE,11529,6.0,NO
male,20,BITSAT,8.14,7.0,No club,CBSE,4,2,NO,NO,GHOT,17990,2.8,NO
female,22,BITSAT,5.48,9.0,No club,CBSE,0,4,NO,YES,LITE,20749,6.7,NO
male,21,DASA,6.26,10.0,No club,ICSE,5,2,NO,NO,GHOT,6022,0.3,YES
male,17,BITSAT,5.36,7.0,No club,CBSE,4,3,YES,NO,GHOT,18828,3.9,NO
male,17,BITSAT,6.67,3.0,No club,CBSE,3,2,NO,NO,GHOT,15761,1.5,NO
male,17,DASA,5.68,8.0,No club,CBSE,6,1,NO,NO,GHOT,1662,0.5,YES
male,21,DASA,6.08,10.0,No club,CBSE,4,3,YES,NO,LITE,12847,6.0,NO
female,19,DASA,4.6,6.0,DVM,ICSE,14,2,YES,YES,GHOT,6923,0.3,YES
male,20,BITSAT,9.94,3.0,No club,CBSE,5,4,NO,NO,GHOT,14961,8.5,NO
male,20,BITSAT,9.36,7.0,No club,CBSE,1,2,YES,NO,GHOT,5775,0.35,YES
male,25,DASA,7.97,6.0,No club,CBSE,10,4,NO,YES,LITE,12470,2.6,NO
male,19,BITSAT,6.11,8.0,No club,CBSE,10,2,YES,YES,LITE,11424,1.6,NO
female,20,BOARD TOPPER,8.19,4.0,No club,CBSE,7,1,NO,NO,GHOT,3668,0.2,YES
male,19,DASA,7.52,7.0,No club,CBSE,0,4,NO,NO,LITE,19213,7.3,NO
male,20,BITSAT,6.7,5.0,No club,Other,10,2,NO,NO,LITE,11627,8.4,NO
female,17,BOARD TOPPER,6.55,3.0,No club,CBSE,3,3,NO,YES,GHOT,4462,0.35,YES
male,18,BITSAT,8.87,9.0,No club,CBSE,5,4,YES,YES,GHOT,7566,0.2,YES
male,21,BITSAT,4.93,5.0,No club,CBSE,1,4,NO,NO,GHOT,13016,10.6,NO
male,20,BITSAT,7.45,3.0,No club,CBSE,1,0,YES,NO,GHOT,16837,0.3,NO
female,22,BOARD TOPPER,7.58,7.0,No club,CBSE,4,1,NO,YES,LITE,3540,0.4,YES
male,17,BOARD TOPPER,3.85,10.0,No club,CBSE,3,4,NO,YES,GHOT,7900,0.25,YES
male,20,BITSAT,5.78,3.0,No club,CBSE,9,4,YES,NO,LITE,15961,3.6,NO
male,19,BOARD TOPPER,4.62,8.0,No club,CBSE,7,2,NO,NO,LITE,20655,2.5,NO
male,21,BITSAT,3.0,6.0,No club,CBSE,4,2,YES,NO,LITE,20823,6.5,NO
female,21,DASA,5.3,7.0,No club,CBSE,4,2,YES,NO,GHOT,3260,0.2,YES
male,17,BITSAT,6.0,9.0,No club,CBSE,0,3,YES,NO,LITE,12077,11.0,NO
male,22,BITSAT,5.96,6.0,No club,CBSE,10,3,NO,NO,LITE,11884,0.9,NO
male,19,BITSAT,7.86,5.0,No club,ICSE,0,4,NO,NO,GHOT,5969,0.4,YES
female,21,DASA,5.59,3.0,No club,CBSE,5,3,NO,YES,GHOT,5265,0.4,YES
male,19,BITSAT,5.53,6.0,No club,CBSE,3,4,NO,NO,LITE,15168,6.3,NO
female,23,DASA,6.38,4.0,No club,CBSE,0,2,YES,NO,GHOT,2719,0.4,YES
male,17,DASA,4.95,5.0,No club,ICSE,1,3,NO,NO,GHOT,17344,6.5,NO
female,20,BITSAT,5.89,6.0,No club,Other,7,1,NO,NO,LITE,10992,3.6,NO
male,17,BITSAT,7.03,10.0,No club,Other,4,2,NO,NO,LITE,20021,1.7,NO
male,21,BITSAT,9.29,3.0,No club,CBSE,5,2,NO,NO,LITE,20847,2.5,NO
male,20,BITSAT,8.74,4.0,No club,CBSE,5,0,NO,NO,LITE,12327,10.5,NO
male,22,BITSAT,4.43,10.0,No club,CBSE,1,2,YES,NO,LITE,19030,4.8,NO
female,23,BOARD TOPPER,6.3,10.0,No club,CBSE,0,1,NO,NO,LITE,16804,5.5,NO
male,17,BITSAT,4.19,6.0,No club,ICSE,10,2,NO,NO,LITE,16744,5.6,NO
female,23,BOARD TOPPER,4.79,7.0,No club,CBSE,2,0,NO,YES,GHOT,3071,0.5,YES
male,19,BITSAT,6.08,10.0,No club,CBSE,7,4,YES,NO,LITE,19935,1.3,NO
male,17,BITSAT,4.6,3.0,No club,Other,8,0,YES,NO,LITE,11243,5.6,NO
female,18,BITSAT,4.7,9.0,No club,CBSE,1,1,NO,NO,GHOT,2587,0.35,YES
male,17,BITSAT,7.09,6.0,No club,Other,3,3,YES,NO,LITE,14002,9.8,NO
female,22,DASA,5.35,7.0,No club,CBSE,8,2,NO,YES,LITE,3756,0.25,YES
female,18,BITSAT,4.08,8.0,No club,ICSE,9,4,YES,NO,GHOT,4544,0.35,YES
female,19,DASA,4.51,4.0,No club,CBSE,0,4,YES,NO,GHOT,7746,0.35,YES
male,20,DASA,10.0,6.0,No club,CBSE,11,4,YES,NO,GHOT,14737,6.6,NO
male,17,BITSAT,7.56,8.0,No club,CBSE,6,1,NO,YES,LITE,16605,9.0,NO
male,20,BITSAT,6.77,7.0,No club,CBSE,6,2,NO,NO,LITE,19402,8.9,NO
male,20,BITSAT,6.3,3.0,No club,CBSE,2,2,NO,NO,LITE,13229,6.0,NO
female,19,BITSAT,5.09,10.0,No club,CBSE,13,0,YES,NO,GHOT,3806,0.15,YES
male,18,BITSAT,5.97,10.0,Gaming Club,Other,10,4,NO,YES,LITE,20879,10.6,NO
male,17,BITSAT,6.63,4.0,No club,CBSE,9,2,YES,YES,GHOT,3078,0.5,YES
male,22,DASA,3.0,3.0,No club,ICSE,6,4,NO,NO,LITE,20442,6.7,NO
male,17,BITSAT,5.87,9.0,No club,Other,15,1,NO,NO,LITE,11675,8.7,NO
male,19,BOARD TOPPER,8.5,6.0,No club,CBSE,6,0,NO,NO,LITE,10674,10.3,NO
male,17,DASA,5.81,10.0,No club,ICSE,5,0,NO,NO,LITE,11188,8.9,NO
male,20,BITSAT,7.54,10.0,No club,CBSE,8,2,NO,NO,LITE,19370,5.4,NO
male,21,BOARD TOPPER,6.0,5.0,No club,CBSE,15,4,YES,NO,LITE,19869,3.7,NO
female,23,DASA,5.53,8.0,No club,CBSE,3,1,NO,NO,GHOT,4568,0.5,YES
female,20,BITSAT,5.45,6.0,No club,CBSE,2,4,NO,NO,GHOT,4553,0.5,YES
male,20,BITSAT,6.28,9.0,No club,ICSE,14,3,NO,NO,LITE,17598,5.9,NO
female,20,BITSAT,6.82,4.0,No club,CBSE,1,2,YES,YES,LITE,16073,8.7,NO
male,21,BOARD TOPPER,5.49,9.0,No club,CBSE,13,2,YES,NO,LITE,14909,8.8,NO
female,20,BOARD TOPPER,8.41,5.0,No club,CBSE,7,0,NO,YES,GHOT,1912,0.2,YES
male,18,DASA,7.78,6.0,No club,CBSE,12,3,YES,YES,GHOT,6982,0.4,YES
male,17,BITSAT,7.83,6.0,No club,ICSE,1,4,NO,YES,GHOT,6366,0.15,YES
male,20,BITSAT,3.0,8.0,No club,CBSE,8,4,NO,NO,GHOT,4902,0.25,YES
male,20,BITSAT,7.65,4.0,No club,CBSE,1,4,NO,NO,LITE,18327,9.8,NO
male,21,DASA,8.08,7.0,No club,CBSE,3,1,NO,NO,LITE,17978,1.3,NO
female,19,BITSAT,6.21,8.0,No club,CBSE,6,0,YES,NO,LITE,11695,8.3,NO
male,21,BOARD TOPPER,4.39,3.0,No club,CBSE,8,4,YES,NO,LITE,18256,5.8,NO
female,21,DASA,7.13,4.0,No club,CBSE,4,0,YES,NO,GHOT,3683,0.5,YES
male,20,BITSAT,9.86,4.0,No club,CBSE,1,3,YES,NO,LITE,14679,2.9,NO
male,21,BITSAT,8.41,4.0,No club,CBSE,5,0,NO,NO,LITE,11232,5.7,NO
male,21,BOARD TOPPER,8.65,6.0,No club,CBSE,4,2,NO,NO,LITE,11415,5.4,NO
female,18,BITSAT,5.75,7.0,Gaming Club,CBSE,10,2,NO,YES,LITE,19461,5.5,NO
male,20,BITSAT,7.59,4.0,No club,CBSE,6,1,YES,NO,LITE,12281,5.3,NO
male,17,DASA,5.41,8.0,No club,CBSE,7,2,NO,NO,LITE,19029,1.5,NO
female,20,BITSAT,7.17,8.0,No club,CBSE,1,0,NO,NO,LITE,16865,1.3,NO
male,20,BOARD TOPPER,8.32,10.0,No club,ICSE,6,0,YES,YES,LITE,13135,7.6,NO
male,22,BITSAT,6.94,10.0,No club,CBSE,5,4,YES,NO,LITE,14291,7.6,NO
male,18,BITSAT,3.1,8.0,Mountaineering,CBSE,4,1,NO,YES,LITE,19800,4.0,NO
female,23,DASA,8.32,8.0,No club,CBSE,0,0,NO,YES,LITE,4925,0.35,YES
male,20,BITSAT,5.94,3.0,No club,CBSE,12,3,YES,NO,GHOT,5322,0.2,YES
male,21,DASA,6.58,6.0,No club,CBSE,2,3,NO,NO,GHOT,16312,10.4,NO
female,20,BITSAT,5.27,8.0,No club,CBSE,5,3,NO,YES,GHOT,6643,0.25,YES
male,17,BITSAT,3.0,5.0,Gaming Club,CBSE,1,4,NO,YES,LITE,13810,9.8,NO
male,17,BITSAT,10.0,3.0,No club,Other,3,1,NO,NO,LITE,17155,5.5,NO
male,17,BITSAT,9.38,9.0,No club,CBSE,7,4,NO,NO,GHOT,14678,7.6,NO
male,17,BOARD TOPPER,4.9,10.0,No club,ICSE,2,1,NO,YES,GHOT,3580,0.15,YES
male,17,BITSAT,5.31,7.0,No club,Other,6,3,YES,NO,GHOT,7363,0.5,YES
female,24,DASA,7.98,5.0,No club,Other,7,4,NO,NO,GHOT,7526,0.15,YES
female,19,BITSAT,6.7,9.0,No club,ICSE,15,3,NO,NO,GHOT,5748,0.25,YES
male,17,BOARD TOPPER,5.7,5.0,No club,CBSE,7,4,YES,YES,LITE,6804,0.35,YES
male,17,BITSAT,7.54,10.0,No club,ICSE,1,3,YES,NO,GHOT,19957,10.4,NO
male,19,BITSAT,6.54,3.0,No club,CBSE,4,2,YES,NO,LITE,14714,11.0,NO
female,21,DASA,3.81,6.0,No club,ICSE,15,2,YES,YES,GHOT,3625,0.15,YES
male,17,BITSAT,3.0,10.0,No club,CBSE,10,1,YES,NO,LITE,20101,0.4,NO
male,21,BITSAT,3.24,10.0,No club,CBSE,14,2,NO,NO,LITE,3185,0.5,YES
male,17,DASA,7.27,5.0,No club,ICSE,2,3,NO,NO,GHOT,3204,0.4,YES
male,19,BITSAT,9.42,9.0,No club,CBSE,7,4,NO,NO,GHOT,12231,7.8,NO
male,19,BOARD TOPPER,8.43,10.0,No club,CBSE,10,2,YES,NO,LITE,12057,7.4,NO
female,20,DASA,10.0,6.0,No club,ICSE,6,2,YES,NO,LITE,3454,0.2,YES
male,21,BITSAT,5.02,4.0,No club,ICSE,4,3,NO,NO,LITE,12263,9.4,NO
male,19,BITSAT,6.6,10.0,No club,CBSE,3,2,YES,NO,LITE,19863,3.5,NO
male,22,BITSAT,4.81,10.0,No club,CBSE,4,1,YES,NO,LITE,13568,0.7,NO
male,17,BITSAT,8.99,6.0,SUTT,CBSE,1,3,NO,YES,LITE,18515,7.7,NO
male,21,BITSAT,8.92,3.0,No club,ICSE,2,1,NO,NO,GHOT,17428,4.9,NO
male,20,BOARD TOPPER,5.34,5.0,No club,CBSE,8,2,YES,YES,LITE,14836,1.6,NO
female,17,DASA,6.12,4.0,No club,ICSE,6,1,NO,NO,LITE,5481,0.15,YES
male,17,BITSAT,7.1,7.0,Gaming Club,CBSE,3,3,YES,YES,LITE,17340,4.8,NO
male,25,BITSAT,7.03,4.0,No club,CBSE,5,1,NO,NO,LITE,16599,9.5,NO
female,18,BITSAT,7.55,6.0,No club,ICSE,4,2,NO,YES,LITE,18535,0.7,NO
female,19,DASA,4.26,10.0,No club,CBSE,2,1,YES,YES,GHOT,3516,0.4,YES
female,22,BOARD TOPPER,5.45,6.0,No club,CBSE,4,3,YES,NO,GHOT,12708,4.4,NO
female,19,BITSAT,6.92,5.0,No club,CBSE,2,1,NO,YES,GHOT,2282,0.4,YES
female,22,DASA,8.06,9.0,No club,CBSE,5,3,NO,YES,GHOT,4924,0.45,YES
male,23,DASA,6.94,10.0,No club,CBSE,4,3,NO,NO,LITE,4651,0.5,YES
female,20,BITSAT,6.35,10.0,No club,ICSE,7,3,YES,YES,GHOT,4419,0.5,YES
male,17,BITSAT,6.61,5.0,No club,ICSE,6,4,YES,NO,LITE,19101,2.6,NO
male,22,BITSAT,4.02,9.0,DVM,CBSE,14,0,NO,NO,LITE,16493,5.6,NO
male,19,BOARD TOPPER,4.17,6.0,No club,CBSE,6,1,YES,NO,LITE,14123,0.9,NO
female,22,DASA,4.75,5.0,No club,CBSE,1,4,NO,NO,GHOT,7528,0.15,YES
female,17,BITSAT,3.65,4.0,SUTT,CBSE,2,4,NO,YES,LITE,13068,3.6,NO
male,20,BOARD TOPPER,6.33,6.0,No club,CBSE,5,2,YES,NO,LITE,13045,0.8,NO
female,22,BOARD TOPPER,7.88,5.0,No club,CBSE,7,2,NO,NO,GHOT,5690,0.5,YES
female,20,BOARD TOPPER,6.29,10.0,No club,ICSE,5,4,YES,NO,GHOT,7996,0.15,YES
male,20,DASA,7.28,6.0,No club,CBSE,9,3,YES,NO,GHOT,18842,8.0,NO
male,17,BITSAT,5.98,3.0,No club,CBSE,4,0,YES,NO,LITE,17356,10.8,NO
male,17,BITSAT,5.9,3.0,No club,CBSE,5,3,NO,YES,GHOT,6237,0.25,YES
male,20,BITSAT,8.14,10.0,No club,CBSE,2,4,NO,NO,LITE,13844,0.9,NO
female,22,DASA,7.12,4.0,No club,CBSE,3,3,YES,YES,LITE,3573,0.5,YES
male,21,DASA,5.64,7.0,No club,CBSE,4,4,NO,NO,GHOT,13344,8.5,NO
male,22,BITSAT,3.05,10.0,No club,CBSE,5,4,NO,NO,GHOT,16167,8.3,NO
female,20,BOARD TOPPER,7.09,10.0,No club,ICSE,7,4,YES,NO,GHOT,8210,0.25,YES
female,19,BITSAT,3.62,9.0,No club,ICSE,5,4,NO,NO,GHOT,4660,0.35,YES
male,19,BITSAT,7.95,4.0,No club,CBSE,1,4,YES,NO,GHOT,12603,7.9,NO
male,19,BITSAT,10.0,5.0,No club,CBSE,1,2,NO,NO,LITE,19888,9.8,NO
male,17,BITSAT,7.01,6.0,No club,CBSE,2,0,YES,NO,LITE,11880,1.4,NO
female,20,BOARD TOPPER,6.77,9.0,No club,CBSE,7,3,NO,YES,LITE,6383,0.5,YES
male,21,BITSAT,8.66,7.0,No club,CBSE,8,3,YES,NO,LITE,19685,9.4,NO
female,19,BITSAT,7.36,5.0,No club,CBSE,3,1,YES,NO,LITE,14872,9.5,NO
male,20,BOARD TOPPER,4.81,4.0,No club,CBSE,9,1,NO,NO,LITE,12367,11.0,NO
male,20,BITSAT,5.2,9.0,No club,CBSE,1,1,YES,NO,LITE,11579,6.4,NO
female,21,BITSAT,5.94,10.0,No club,Other,3,2,YES,YES,LITE,18594,5.3,NO
male,20,BOARD TOPPER,4.88,3.0,No club,CBSE,2,0,NO,NO,GHOT,12083,9.4,NO
female,19,DASA,7.77,4.0,No club,CBSE,0,0,YES,NO,GHOT,3664,0.3,YES
female,17,BITSAT,7.61,7.0,No club,CBSE,7,4,YES,YES,LITE,20275,8.7,NO
male,20,DASA,5.18,7.0,No club,ICSE,2,0,YES,NO,GHOT,4204,0.15,YES
male,21,BITSAT,7.15,4.0,No club,Other,11,4,NO,NO,LITE,15119,2.3,NO
male,21,BITSAT,3.16,10.0,No club,Other,4,0,YES,NO,LITE,15575,5.5,NO
female,22,BITSAT,5.92,4.0,No club,CBSE,2,3,YES,NO,LITE,19018,8.4,NO
male,24,BOARD TOPPER,8.17,10.0,No club,Other,3,0,NO,NO,LITE,19095,0.5,NO
male,20,BITSAT,7.01,7.0,No club,CBSE,5,2,YES,NO,LITE,11573,0.9,NO
female,19,BITSAT,4.57,10.0,No club,CBSE,4,4,NO,YES,LITE,15934,0.6,NO
male,19,BITSAT,7.54,5.0,No club,CBSE,0,1,YES,NO,LITE,13387,4.6,NO
female,20,BITSAT,6.83,4.0,No club,Other,5,0,NO,NO,GHOT,3697,0.4,YES
male,20,BOARD TOPPER,6.62,4.0,No club,CBSE,6,4,NO,YES,LITE,14180,7.6,NO
female,19,BITSAT,6.71,5.0,No club,ICSE,2,2,NO,NO,GHOT,4305,0.15,YES
male,19,BITSAT,6.74,10.0,DVM,CBSE,12,4,NO,NO,LITE,21717,8.0,NO
male,17,BITSAT,6.92,9.0,No club,CBSE,7,2,NO,NO,GHOT,15020,1.4,NO
male,22,DASA,7.19,5.0,No club,CBSE,10,1,YES,NO,GHOT,1010,0.35,YES
female,20,DASA,7.99,5.0,No club,CBSE,2,4,YES,NO,LITE,8713,0.35,YES
male,24,BOARD TOPPER,4.3,9.0,No club,CBSE,9,4,YES,NO,LITE,17937,2.6,NO
female,22,DASA,7.41,3.0,No club,CBSE,8,4,NO,NO,GHOT,6174,0.4,YES
female,20,BOARD TOPPER,5.02,7.0,No club,ICSE,6,3,YES,NO,GHOT,7935,0.15,YES
male,21,BOARD TOPPER,4.39,9.0,No club,Other,6,3,YES,NO,LITE,17173,5.7,NO
male,19,BITSAT,6.55,7.0,No club,ICSE,5,0,NO,NO,GHOT,4744,0.3,YES
female,20,BITSAT,6.59,8.0,No club,CBSE,1,3,YES,NO,LITE,12933,0.3,NO
female,22,BITSAT,5.39,4.0,No club,ICSE,5,2,NO,NO,LITE,2010,0.15,YES
male,23,DASA,5.78,9.0,No club,ICSE,3,3,YES,NO,GHOT,17635,5.3,NO
male,18,BITSAT,7.7,6.0,No club,CBSE,4,1,NO,YES,GHOT,2941,0.25,YES
female,17,DASA,6.54,9.0,No club,CBSE,1,4,YES,NO,GHOT,5148,0.4,YES
male,19,DASA,7.96,4.0,No club,ICSE,3,3,YES,YES,LITE,15173,9.3,NO
female,22,DASA,6.35,3.0,No club,ICSE,5,0,NO,YES,LITE,4737,0.45,YES
male,23,BITSAT,8.01,3.0,No club,CBSE,8,4,NO,NO,GHOT,16030,1.0,NO
female,19,DASA,5.21,3.0,No club,ICSE,8,1,NO,YES,GHOT,5776,0.45,YES
male,20,BITSAT,3.97,6.0,No club,ICSE,1,3,YES,NO,LITE,18742,9.8,NO
male,22,DASA,5.94,4.0,No club,CBSE,2,0,YES,NO,LITE,16805,4.5,NO
male,17,BITSAT,6.88,10.0,DVM,ICSE,11,2,NO,NO,GHOT,14527,1.5,NO
male,23,BOARD TOPPER,6.38,5.0,No club,CBSE,15,2,NO,NO,LITE,13083,8.5,NO
male,20,BOARD TOPPER,5.61,5.0,DVM,CBSE,12,3,YES,NO,LITE,20982,4.8,NO
female,21,BITSAT,3.0,5.0,No club,CBSE,13,2,YES,YES,GHOT,5256,0.25,YES
female,17,BITSAT,4.56,3.0,No club,CBSE,4,3,NO,YES,GHOT,4423,0.45,YES
male,20,DASA,5.97,3.0,No club,ICSE,15,3,NO,NO,GHOT,3907,0.3,YES
male,19,BITSAT,6.22,8.0,No club,ICSE,7,4,NO,NO,GHOT,5298,0.25,YES
female,17,BITSAT,7.03,4.0,No club,CBSE,7,3,NO,NO,GHOT,13630,7.0,NO
female,19,BITSAT,4.62,5.0,No club,CBSE,1,1,NO,NO,LITE,15534,10.9,NO
male,20,BITSAT,3.0,8.0,No club,CBSE,1,3,YES,NO,LITE,19863,8.7,NO
male,17,BITSAT,6.24,10.0,No club,CBSE,3,1,NO,NO,GHOT,4583,0.15,YES
male,21,BITSAT,6.2,5.0,No club,ICSE,7,3,NO,YES,LITE,19002,10.5,NO
male,17,DASA,4.86,10.0,No club,CBSE,3,1,NO,NO,GHOT,1922,0.45,YES
male,22,BITSAT,6.34,8.0,No club,CBSE,8,3,YES,NO,LITE,21245,5.3,NO
female,20,BOARD TOPPER,5.03,4.0,No club,CBSE,2,3,YES,NO,GHOT,6612,0.4,YES
female,22,DASA,7.9,7.0,No club,CBSE,6,4,YES,NO,GHOT,8632,0.5,YES
male,20,BITSAT,5.46,9.0,No club,CBSE,5,3,YES,NO,LITE,20143,1.6,NO
male,22,DASA,7.94,10.0,No club,ICSE,4,2,YES,NO,GHOT,16319,0.6,NO
male,17,BITSAT,7.2,10.0,No club,Other,3,3,YES,NO,LITE,12002,7.9,NO
female,24,DASA,4.27,7.0,No club,ICSE,2,2,YES,NO,GHOT,6625,0.35,YES
female,21,BITSAT,6.06,10.0,No club,CBSE,7,4,YES,YES,LITE,12744,5.5,NO
male,20,DASA,4.93,5.0,No club,CBSE,0,0,NO,NO,GHOT,16544,10.7,NO
male,20,BOARD TOPPER,6.5,7.0,No club,ICSE,7,1,YES,NO,LITE,12013,7.7,NO
female,19,BOARD TOPPER,4.9,9.0,DVM,CBSE,10,3,NO,YES,GHOT,7197,0.45,YES
female,20,DASA,9.4,3.0,Mountaineering,CBSE,3,3,YES,YES,GHOT,6720,0.15,YES
male,17,BOARD TOPPER,7.08,7.0,No club,ICSE,5,4,YES,NO,LITE,14268,4.4,NO
male,18,BITSAT,9.65,8.0,Gaming Club,Other,5,2,NO,YES,LITE,12986,6.8,NO
male,21,BITSAT,7.09,5.0,No club,CBSE,3,2,YES,NO,LITE,20312,2.8,NO
male,20,BITSAT,4.49,8.0,No club,CBSE,4,1,NO,NO,GHOT,12939,9.8,NO
male,17,BITSAT,6.3,8.0,No club,CBSE,0,2,YES,NO,GHOT,18887,2.3,NO
female,21,DASA,9.86,6.0,No club,ICSE,1,0,YES,NO,GHOT,1962,0.35,YES
male,19,BITSAT,5.03,6.0,No club,CBSE,3,3,NO,NO,LITE,18439,2.9,NO
male,21,BOARD TOPPER,5.23,9.0,No club,CBSE,3,1,YES,NO,LITE,11588,10.5,NO
male,19,BITSAT,7.16,8.0,No club,CBSE,10,0,NO,NO,LITE,11858,2.4,NO
female,19,BITSAT,4.53,9.0,No club,Other,1,2,NO,NO,GHOT,4749,0.45,YES
male,18,DASA,7.17,4.0,DVM,ICSE,10,4,NO,YES,GHOT,6624,0.3,YES
female,17,BOARD TOPPER,8.27,8.0,No club,CBSE,6,3,YES,NO,GHOT,5718,0.2,YES
female,19,BITSAT,5.8,3.0,No club,Other,7,4,YES,NO,LITE,8421,0.15,YES
male,22,DASA,5.78,5.0,No club,CBSE,4,3,YES,NO,GHOT,7451,0.3,YES
male,20,DASA,4.33,9.0,No club,ICSE,10,3,NO,NO,GHOT,4720,0.4,YES
female,24,DASA,8.67,10.0,No club,CBSE,5,4,YES,YES,GHOT,7940,0.45,YES
female,20,BITSAT,8.09,6.0,No club,Other,2,4,NO,NO,GHOT,7034,0.3,YES
male,19,BITSAT,4.56,6.0,No club,CBSE,5,4,YES,NO,LITE,14368,3.3,NO
female,20,BITSAT,6.77,9.0,No club,CBSE,0,1,NO,NO,LITE,17290,3.3,NO
male,20,DASA,5.56,5.0,No club,ICSE,4,1,NO,NO,GHOT,2500,0.3,YES
female,21,DASA,7.88,9.0,No club,ICSE,15,4,NO,NO,GHOT,8178,0.45,YES
male,21,DASA,5.73,5.0,No club,ICSE,4,4,YES,NO,GHOT,6787,0.2,YES
male,17,BITSAT,8.83,4.0,No club,CBSE,2,3,NO,NO,LITE,17223,7.8,NO
female,23,DASA,9.29,4.0,DVM,CBSE,10,3,YES,NO,GHOT,5506,0.3,YES
male,20,BOARD TOPPER,8.5,6.0,No club,CBSE,4,4,NO,NO,LITE,19693,0.8,NO
female,20,BITSAT,3.13,5.0,No club,Other,6,3,YES,NO,GHOT,7407,0.5,YES
male,18,BITSAT,10.0,10.0,No club,ICSE,7,3,NO,YES,LITE,3879,0.4,YES
male,25,DASA,5.14,3.0,No club,CBSE,10,4,NO,NO,LITE,17161,6.6,NO
male,23,DASA,7.2,9.0,No club,CBSE,3,3,NO,NO,GHOT,5641,0.5,YES
male,17,BITSAT,4.53,4.0,No club,CBSE,1,4,YES,NO,LITE,13569,10.6,NO
male,17,BOARD TOPPER,4.35,6.0,No club,Other,0,4,NO,NO,GHOT,12379,9.0,NO
male,17,BITSAT,6.0,7.0,No club,ICSE,6,1,NO,NO,LITE,19968,0.7,NO
female,20,BITSAT,6.56,7.0,No club,Other,4,1,NO,NO,GHOT,4748,0.2,YES
female,19,BITSAT,7.55,7.0,No club,CBSE,14,3,NO,NO,LITE,16794,7.9,NO
female,17,BITSAT,10.0,3.0,No club,Other,3,1,NO,NO,GHOT,5517,0.25,YES
male,17,BOARD TOPPER,6.11,4.0,No club,CBSE,0,4,NO,YES,GHOT,5082,0.5,YES
female,19,BITSAT,7.26,3.0,No club,CBSE,7,3,YES,NO,GHOT,4176,0.5,YES
male,17,BITSAT,4.22,7.0,No club,CBSE,7,3,YES,NO,LITE,20151,9.6,NO
female,20,DASA,7.91,5.0,No club,CBSE,3,0,YES,YES,GHOT,1589,0.15,YES
male,17,BITSAT,8.63,6.0,No club,CBSE,6,3,YES,NO,LITE,15859,2.3,NO
male,20,DASA,4.8,9.0,No club,ICSE,14,2,NO,NO,LITE,20761,9.0,NO
male,20,BITSAT,5.28,7.0,No club,CBSE,5,1,NO,NO,LITE,11252,1.9,NO
female,26,DASA,5.77,10.0,No club,CBSE,0,1,YES,NO,GHOT,3194,0.5,YES
male,20,BITSAT,7.07,10.0,No club,CBSE,1,3,NO,NO,LITE,12080,6.4,NO
female,19,BITSAT,4.65,5.0,No club,CBSE,9,0,YES,NO,GHOT,17088,7.9,NO
male,21,BITSAT,5.72,5.0,No club,CBSE,14,1,YES,NO,GHOT,19954,0.5,NO
female,22,DASA,3.16,7.0,No club,ICSE,13,0,NO,NO,LITE,1220,0.45,YES
male,20,BOARD TOPPER,8.46,6.0,No club,CBSE,0,3,YES,NO,GHOT,19655,0.5,NO
male,17,BITSAT,8.16,8.0,No club,Other,3,3,NO,NO,LITE,12893,1.3,NO
male,20,BITSAT,6.26,9.0,No club,CBSE,7,1,NO,NO,LITE,17780,5.6,NO
female,19,BITSAT,7.02,6.0,No club,ICSE,4,4,YES,YES,LITE,19561,4.7,NO
male,20,BITSAT,7.06,7.0,No club,CBSE,5,4,NO,NO,GHOT,17604,7.0,NO
male,19,BITSAT,6.86,6.0,No club,Other,6,4,YES,NO,GHOT,13032,4.9,NO
male,17,BITSAT,5.33,5.0,No club,Other,3,1,NO,NO,GHOT,17575,1.7,NO
male,17,BITSAT,8.74,9.0,No club,CBSE,1,0,NO,NO,LITE,19965,8.6,NO
male,19,BOARD TOPPER,7.56,10.0,No club,CBSE,4,2,NO,NO,LITE,17642,4.7,NO
male,22,BOARD TOPPER,7.15,4.0,No club,ICSE,9,2,YES,NO,LITE,13308,2.0,NO
female,17,BITSAT,5.3,10.0,No club,Other,13,3,YES,NO,GHOT,4603,0.2,YES
female,21,DASA,6.73,3.0,No club,ICSE,2,4,NO,NO,GHOT,4648,0.35,YES
female,19,BITSAT,4.64,9.0,No club,Other,14,4,NO,NO,GHOT,6890,0.35,YES
female,24,DASA,6.91,7.0,No club,CBSE,5,4,NO,NO,GHOT,4661,0.45,YES
male,19,BITSAT,6.3,9.0,No club,ICSE,1,3,NO,NO,LITE,13276,5.5,NO
male,17,BITSAT,6.27,3.0,No club,ICSE,0,0,NO,NO,GHOT,16560,10.4,NO
female,17,BITSAT,8.16,5.0,No club,CBSE,3,2,YES,YES,GHOT,2012,0.15,YES
male,21,DASA,6.25,7.0,No club,ICSE,1,3,NO,NO,LITE,18770,3.4,NO
female,20,BOARD TOPPER,9.33,10.0,No club,CBSE,10,2,YES,NO,GHOT,4552,0.45,YES
female,18,BOARD TOPPER,4.52,8.0,No club,CBSE,3,4,YES,NO,LITE,6889,0.35,YES
male,17,BITSAT,7.84,9.0,No club,Other,3,4,YES,NO,LITE,20701,8.8,NO
female,21,DASA,7.37,5.0,No club,ICSE,4,3,NO,NO,GHOT,3497,0.45,YES
male,20,BITSAT,5.51,10.0,No club,CBSE,5,4,NO,NO,LITE,13565,6.6,NO
male,17,BITSAT,5.58,10.0,No club,Other,2,2,NO,NO,LITE,12780,3.4,NO
female,19,BITSAT,6.46,5.0,No club,CBSE,0,1,YES,YES,LITE,1018,0.35,YES
male,19,BITSAT,5.22,3.0,No club,CBSE,7,3,NO,NO,LITE,13398,0.4,NO
female,17,BITSAT,4.13,6.0,DVM,Other,10,3,NO,NO,GHOT,3873,0.3,YES
male,22,BOARD TOPPER,6.23,8.0,No club,CBSE,15,3,NO,NO,LITE,15674,1.7,NO
male,20,BITSAT,8.44,9.0,No club,CBSE,1,0,YES,NO,LITE,18863,0.4,NO
male,21,BITSAT,10.0,5.0,No club,CBSE,7,1,NO,NO,GHOT,17465,4.8,NO
male,23,DASA,4.25,7.0,No club,ICSE,0,0,NO,NO,GHOT,2943,0.15,YES
female,17,BITSAT,10.0,4.0,No club,CBSE,12,3,YES,YES,LITE,21415,5.9,NO
male,17,BITSAT,5.66,3.0,No club,ICSE,4,2,NO,NO,GHOT,15437,7.7,NO
male,22,BITSAT,5.66,3.0,No club,CBSE,5,0,NO,NO,LITE,18015,2.6,NO
male,20,BITSAT,3.19,8.0,No club,CBSE,2,2,YES,NO,LITE,16493,0.8,NO
male,20,BITSAT,9.69,10.0,No club,ICSE,7,4,YES,NO,GHOT,19698,1.3,NO
male,20,BOARD TOPPER,4.34,4.0,No club,CBSE,5,3,NO,NO,GHOT,12793,2.8,NO
female,20,BITSAT,7.1,10.0,No club,CBSE,5,2,YES,NO,LITE,18186,2.3,NO
male,22,BITSAT,3.31,4.0,No club,CBSE,3,3,YES,YES,GHOT,15720,2.9,NO
female,21,DASA,5.92,5.0,No club,CBSE,7,1,YES,NO,GHOT,5400,0.15,YES
male,24,DASA,7.62,6.0,No club,ICSE,7,4,NO,YES,GHOT,7028,0.15,YES
male,20,BOARD TOPPER,3.98,10.0,No club,CBSE,6,3,NO,NO,LITE,20641,10.9,NO
male,22,DASA,4.73,4.0,No club,CBSE,3,3,YES,NO,GHOT,3478,0.5,YES
male,20,BITSAT,6.12,7.0,Mountaineering,CBSE,1,4,NO,NO,LITE,19086,0.5,NO
male,17,DASA,7.78,8.0,No club,CBSE,7,0,NO,NO,LITE,426,0.3,YES
male,19,BITSAT,7.65,8.0,No club,CBSE,1,4,YES,NO,LITE,15806,1.6,NO
male,17,DASA,7.91,6.0,No club,CBSE,2,2,YES,NO,LITE,15516,1.4,NO
male,20,BOARD TOPPER,4.88,8.0,No club,CBSE,0,0,NO,YES,LITE,17959,4.0,NO
female,20,DASA,3.27,5.0,No club,ICSE,7,0,NO,YES,LITE,2357,0.45,YES
male,17,BITSAT,8.62,4.0,No club,ICSE,1,3,NO,NO,LITE,20231,4.6,NO
male,24,BITSAT,5.71,6.0,No club,CBSE,4,1,NO,NO,LITE,11421,6.7,NO
female,21,BITSAT,9.63,3.0,No club,CBSE,3,1,NO,YES,LITE,19978,10.5,NO
male,18,BITSAT,4.8,3.0,Gaming Club,CBSE,11,0,YES,YES,LITE,18160,2.7,NO
male,20,BITSAT,6.59,9.0,No club,CBSE,15,3,YES,NO,LITE,14780,0.3,NO
female,20,DASA,7.51,10.0,No club,CBSE,12,1,NO,NO,GHOT,2805,0.4,YES
female,20,BITSAT,6.72,10.0,No club,CBSE,6,3,YES,NO,GHOT,13494,10.7,NO
male,22,DASA,7.26,7.0,No club,CBSE,3,2,YES,NO,LITE,11534,4.3,NO
female,20,BITSAT,6.79,4.0,No club,CBSE,1,1,NO,YES,GHOT,3660,0.45,YES
female,17,BITSAT,4.2,7.0,No club,Other,7,4,NO,NO,GHOT,6664,0.5,YES
male,18,BITSAT,8.52,7.0,No club,ICSE,10,4,YES,YES,LITE,4796,0.2,YES
female,20,BOARD TOPPER,3.0,7.0,No club,CBSE,3,3,NO,NO,GHOT,7263,0.4,YES
male,17,BITSAT,7.49,3.0,No club,CBSE,3,3,YES,NO,LITE,12966,10.6,NO
male,22,BOARD TOPPER,6.64,6.0,No club,CBSE,3,4,NO,NO,LITE,16778,1.0,NO
female,20,BITSAT,6.95,9.0,No club,CBSE,6,0,YES,YES,GHOT,2074,0.35,YES
male,22,DASA,6.08,7.0,No club,ICSE,10,3,NO,NO,LITE,14123,5.9,NO
male,19,BITSAT,6.81,10.0,DVM,CBSE,12,0,YES,YES,LITE,11237,5.8,NO
female,17,DASA,4.45,9.0,No club,ICSE,1,0,NO,NO,GHOT,4436,0.3,YES
female,19,BITSAT,7.97,9.0,No club,CBSE,4,3,NO,NO,LITE,20997,1.3,NO
male,17,BITSAT,4.81,5.0,No club,CBSE,4,3,NO,NO,GHOT,20236,0.3,NO
male,20,BITSAT,5.51,5.0,No club,ICSE,1,2,YES,NO,GHOT,14084,8.8,NO
male,20,BITSAT,8.2,5.0,No club,CBSE,1,1,NO,NO,GHOT,15212,8.3,NO
male,17,BITSAT,7.0,7.0,No club,ICSE,5,4,YES,NO,LITE,12553,5.6,NO
male,22,BITSAT,7.47,7.0,No club,CBSE,4,2,NO,YES,LITE,11218,3.3,NO
female,19,BOARD TOPPER,5.93,3.0,No club,CBSE,0,1,YES,YES,GHOT,5402,0.5,YES
female,19,BOARD TOPPER,8.02,4.0,No club,CBSE,7,3,YES,NO,LITE,6972,0.15,YES
male,23,DASA,4.95,6.0,No club,ICSE,9,4,NO,NO,LITE,18694,6.4,NO
female,21,BOARD TOPPER,5.6,9.0,No club,CBSE,0,0,YES,YES,GHOT,2474,0.2,YES
female,24,DASA,3.32,8.0,No club,ICSE,7,4,YES,YES,LITE,6819,0.25,YES
male,20,BOARD TOPPER,8.11,10.0,No club,CBSE,2,4,NO,NO,GHOT,15111,3.0,NO
male,21,DASA,6.47,9.0,No club,ICSE,2,1,YES,YES,GHOT,3071,0.2,YES
female,19,DASA,8.11,6.0,No club,CBSE,7,4,YES,NO,GHOT,5626,0.25,YES
male,17,BITSAT,6.45,5.0,No club,Other,7,4,NO,NO,LITE,14074,4.6,NO
female,20,DASA,3.41,9.0,No club,ICSE,4,1,NO,YES,GHOT,4649,0.45,YES
male,22,BOARD TOPPER,5.55,7.0,No club,CBSE,0,3,YES,NO,LITE,20185,8.4,NO
female,19,BOARD TOPPER,6.22,7.0,No club,CBSE,10,2,NO,YES,GHOT,4514,0.3,YES
male,19,BITSAT,7.85,8.0,DVM,CBSE,14,3,YES,NO,LITE,15728,1.6,NO
female,17,BITSAT,4.47,5.0,SUTT,CBSE,1,0,NO,YES,LITE,10439,7.4,NO
male,22,BOARD TOPPER,3.21,3.0,No club,CBSE,6,4,NO,NO,LITE,19650,9.6,NO
male,21,BOARD TOPPER,3.83,6.0,No club,CBSE,0,3,NO,NO,LITE,20168,4.5,NO
male,17,DASA,5.87,4.0,No club,CBSE,9,4,NO,NO,LITE,16548,8.3,NO
male,18,BITSAT,6.29,10.0,No club,CBSE,7,1,YES,YES,GHOT,3218,0.45,YES
male,24,BOARD TOPPER,9.54,7.0,No club,Other,0,3,YES,NO,LITE,20238,2.3,NO
male,18,BOARD TOPPER,7.53,10.0,No club,CBSE,8,2,NO,YES,GHOT,2052,0.5,YES
male,21,BITSAT,6.29,8.0,No club,CBSE,1,3,YES,NO,LITE,15064,9.6,NO
male,18,DASA,3.0,7.0,No club,ICSE,15,4,NO,YES,GHOT,8255,0.2,YES
female,19,BITSAT,5.06,3.0,No club,CBSE,2,4,YES,NO,GHOT,15059,4.3,NO
male,20,BOARD TOPPER,7.68,3.0,No club,CBSE,7,2,NO,NO,LITE,18613,6.3,NO
female,17,BITSAT,4.81,9.0,No club,CBSE,2,0,YES,NO,GHOT,4204,0.15,YES
female,17,BITSAT,6.46,6.0,No club,Other,5,3,NO,NO,GHOT,3011,0.2,YES
male,17,BITSAT,8.25,4.0,No club,CBSE,7,3,YES,YES,LITE,7247,0.45,YES
male,22,DASA,8.66,5.0,No club,ICSE,10,3,NO,NO,GHOT,6436,0.45,YES
female,18,BOARD TOPPER,4.56,7.0,No club,CBSE,2,3,YES,YES,GHOT,7458,0.4,YES
male,20,BOARD TOPPER,7.15,5.0,No club,CBSE,0,3,YES,NO,LITE,19957,1.0,NO
male,17,DASA,5.15,8.0,No club,ICSE,4,0,NO,NO,LITE,17395,8.5,NO
female,21,BITSAT,5.67,7.0,No club,Other,5,1,YES,NO,GHOT,1642,0.25,YES
male,20,BOARD TOPPER,6.89,4.0,No club,CBSE,4,3,NO,NO,LITE,14762,7.4,NO
female,21,DASA,5.89,3.0,No club,ICSE,5,3,NO,NO,GHOT,5589,0.25,YES
male,20,BITSAT,7.57,7.0,No club,CBSE,0,4,NO,NO,LITE,21538,3.8,NO
male,21,BITSAT,5.47,5.0,No club,CBSE,1,1,YES,NO,LITE,14989,7.9,NO
male,17,BITSAT,4.92,3.0,No club,CBSE,5,1,NO,NO,GHOT,10781,10.3,NO
male,19,BOARD TOPPER,6.02,3.0,No club,CBSE,6,0,NO,NO,GHOT,13166,3.9,NO
female,24,BOARD TOPPER,3.57,6.0,No club,CBSE,5,2,NO,NO,GHOT,5619,0.3,YES
female,21,BITSAT,3.71,5.0,Gaming Club,CBSE,0,4,NO,YES,LITE,17559,5.4,NO
male,22,DASA,9.68,5.0,No club,CBSE,3,3,NO,NO,GHOT,16411,8.7,NO
female,17,BITSAT,8.12,7.0,No club,Other,2,1,YES,NO,GHOT,5476,0.25,YES
